status,play number,score,year,topic
45,13.3y,7.9,2021,0
31,7339.1w,7.7,2021,0
48,4.0y,9.2,2021,0
36,19.2y,9.4,2021,0
34,1.8y,7.7,2021,0
32,4473.3w,7.6,2021,0
37,1.1y,7.6,2021,0
24,9211.1w,7.6,2021,0
35,7348.3w,7.5,2021,0
20,2216.3w,7.5,2021,0
23,4.9y,9.4,2021,0
40,8.1y,7.5,2021,0
36,6332.4w,7.5,2021,0
33,5478.2w,7.5,2021,0
31,8491.6w,7.5,2021,0
48,1.3y,7.5,2021,0
36,2370.3w,7.5,2021,0
40,2.2y,7.5,2021,0
35,4702.2w,7.5,2021,0
38,4991.9w,7.5,2021,0
40,5765.4w,7.5,2021,0
34,4770.2w,7.5,2021,0
31,2549.8w,7.4,2021,0
46,1.0y,7.4,2021,0
12,958.8w,7.4,2021,0
45,6707.0w,7.4,2021,0
6,2194.0w,7.5,2021,0
40,5426.2w,7.4,2021,0
30,909.4w,7.4,2021,0
12,188.5w,7.3,2021,0
39,10.7y,9.3,2020,0
32,3.0y,7.6,2020,0
46,2.8y,7.5,2020,0
30,1.5y,7.5,2020,0
20,6.8y,8.9,2020,0
42,6.9y,7.5,2020,0
14,3.6y,7.8,2020,0
34,7913.8w,7.5,2020,0
40,7.4y,7.5,2020,0
36,5330.2w,7.5,2020,0
45,1.0y,7.5,2020,0
42,1.9y,7.5,2020,0
36,6204.4w,7.5,2020,0
20,2563.1w,7.4,2020,0
34,7671.3w,7.5,2020,0
31,5736.8w,7.5,2020,0
42,4975.2w,7.5,2020,0
31,6601.1w,7.5,2020,0
34,3910.0w,7.4,2020,0
34,5784.7w,7.4,2020,0
43,3859.4w,7.4,2020,0
36,3186.4w,7.4,2020,0
30,2141.2w,7.4,2020,0
36,1.4y,7.4,2020,0
20,2565.0w,7.4,2020,0
8,230.9w,7.3,2020,0
48,2.2y,7.5,2019,0
42,2.1y,,2019,0
48,4.8y,8.8,2019,0
37,1.4y,8.6,2019,0
46,8.9y,8.4,2019,0
36,4.4y,,2019,0
36,3.4y,7.3,2019,0
39,1.7y,8.5,2019,0
42,1.5y,7.5,2019,0
54,14.7y,8.1,2019,0
40,1.8y,8.6,2019,0
49,5.4y,7.2,2019,0
28,8149.5w,,2019,0
33,1.0y,,2019,0
36,9843.7w,8.6,2019,0
36,1.1y,,2019,0
35,5872.9w,7.4,2019,0
30,6071.7w,,2019,0
30,4929.0w,,2019,0
32,4681.7w,7.3,2019,0
50,47.1y,7.2,2018,0
47,32.6y,9.2,2018,0
44,4.3y,8.3,2018,0
42,1.5y,8.8,2018,0
45,4.8y,8.2,2018,0
47,8481.3w,9.1,2018,0
36,3.0y,,2018,0
38,3.1y,7.4,2018,0
50,1.2y,7,2018,0
40,2.0y,,2018,0
38,7886.0w,7.4,2018,0
28,1.8y,7.4,2018,0
26,6517.1w,,2018,0
26,5282.2w,7.3,2018,0
34,6666.7w,7.3,2018,0
32,5678.7w,,2018,0
44,2216.4w,7.3,2018,0
20,5266.7w,7.3,2018,0
36,4226.8w,7.9,2018,0
55,15.9y,9,2017,0
33,4.6y,8.8,2017,0
30,3.6y,6.9,2017,0
34,1.6y,,2017,0
32,1.8y,7,2017,0
46,3.9y,,2017,0
32,1.7y,,2017,0
32,2.4y,,2017,0
32,1.1y,,2017,0
36,2.1y,7.4,2017,0
6,1263.1w,,2017,0
,93.8w,7.3,2017,0
,132.6w,7.2,2017,0
40,7362.3w,,2016,0
46,15.1y,,2015,0
32,1.3y,,2015,0
30,6167.4w,7.7,2021,1
30,1960.2w,7.6,2021,1
8,596.7w,7.4,2021,1
43,4.3y,7.6,2021,1
40,9.6y,7.6,2021,1
35,3.7y,7.5,2021,1
12,143.4w,7.2,2021,1
42,3.4y,7.5,2021,1
40,1.1y,7.5,2021,1
46,8.3y,7.6,2021,1
37,8730.2w,7.5,2021,1
42,4.9y,7.5,2020,1
46,19.0y,7.6,2020,1
12,143.5w,7.2,2020,1
41,4.0y,7.5,2020,1
43,76.0y,8.9,2020,1
42,2.7y,7.5,2020,1
12,186.0w,7.1,2020,1
24,4.9y,7.5,2020,1
12,6.2y,8.5,2020,1
2,317.6w,8.4,2020,1
22,7.5y,8.2,2020,1
44,14.0y,6.7,2020,1
36,6204.4w,7.5,2020,1
39,5969.8w,7.5,2020,1
53,80.5y,8.1,2020,1
42,8364.4w,7.5,2020,1
,300.1w,7.1,2020,1
,3724.5w,7.3,2020,1
,34.7w,7.1,2020,1
,186.9w,7,2020,1
,30.5w,7.2,2020,1
50,3.3y,7.6,2019,1
42,34.0y,7.6,2019,1
32,1.1y,8.1,2019,1
52,3.7y,7.5,2019,1
5,9677.7w,9.5,2019,1
40,2.1y,7.9,2019,1
26,6.0y,7.5,2019,1
35,1.2y,7.5,2019,1
45,2.1y,7.5,2019,1
42,2638.0w,7.6,2019,1
45,16.0y,7.8,2019,1
45,8.2y,8.4,2019,1
44,5425.8w,8.2,2019,1
49,46.8y,9.1,2019,1
46,27.7y,6.6,2019,1
41,28.1y,8.2,2019,1
40,5401.8w,8,2019,1
48,22.3y,7.1,2019,1
28,5204.2w,,2019,1
24,2.6y,7.4,2019,1
46,4167.2w,6.9,2019,1
43,22.3y,7.1,2019,1
30,13.7y,8.3,2019,1
46,75.5y,8.8,2019,1
55,11.8y,7.8,2019,1
40,1.2y,7.4,2019,1
43,28.3y,7.6,2019,1
36,3.3y,7.5,2019,1
50,3.5y,,2018,1
44,5.1y,,2018,1
45,2.9y,,2018,1
50,7.7y,,2018,1
39,8.8y,,2018,1
35,2.3y,,2018,1
39,2.3y,7.2,2018,1
40,5.4y,6.8,2018,1
36,5.5y,8,2018,1
36,4226.8w,7.9,2018,1
40,5.5y,8.3,2018,1
32,2.3y,8.9,2018,1
32,7432.4w,7.3,2018,1
48,22.6y,8.7,2018,1
54,35.9y,6.7,2018,1
32,1.9y,7.6,2018,1
20,1.6y,7.4,2018,1
47,7691.4w,8,2018,1
47,23.9y,8.1,2018,1
34,1.0y,8.1,2018,1
40,3733.1w,7.2,2018,1
40,10.2y,7.4,2018,1
40,4.1y,7.6,2018,1
50,36.1y,7.4,2018,1
25,32.6y,8.4,2018,1
40,24.4y,7.4,2018,1
40,4529.0w,7.3,2018,1
40,3.5y,7.3,2018,1
20,5.0y,7.5,2018,1
45,,,2018,1
55,1.5y,8.2,2018,1
,1.7y,,2018,1
40,5.5y,7.8,2017,1
40,12.9y,7.8,2017,1
20,2.2y,7.4,2017,1
49,12.1y,6.3,2017,1
45,4.4y,6.4,2017,1
40,2.2y,6.9,2017,1
56,13.4y,7.1,2017,1
55,8.6y,,2017,1
38,2.6y,,2017,1
35,5.0y,,2017,1
34,44.1y,7.5,2017,1
56,4.9y,6.5,2017,1
32,5943.9w,,2017,1
39,34.4y,,2017,1
42,5.4y,,2017,1
52,7.1y,7.5,2017,1
43,39.9y,,2017,1
45,1.5y,,2017,1
45,10.8y,7.3,2017,1
36,2.1y,7.4,2017,1
42,6.3y,,2017,1
46,4.5y,,2017,1
44,9.5y,,2017,1
46,6.6y,6.3,2017,1
40,8266.9w,8,2017,1
42,30.9y,7.1,2017,1
48,2.0y,,2017,1
43,1.7y,7,2017,1
52,1.0y,6.9,2017,1
48,14.8y,7.1,2017,1
38,26.2y,6.6,2017,1
20,4.9y,8,2017,1
42,82.2y,8,2017,1
36,7.2y,6.1,2017,1
,2.5y,7.3,2017,1
55,116.3y,7.6,2017,1
,1.4y,7.2,2017,1
44,39.2y,8.6,2017,1
37,2.1y,,2017,1
12,2257.4w,,2017,1
12,983.8w,7.1,2017,1
48,3.3y,,2017,1
56,2.0y,7,2017,1
7,2823.2w,9,2017,1
54,5.0y,,2017,1
46,42.0y,7.2,2017,1
42,3989.3w,7.4,2017,1
43,5.0y,,2017,1
47,26.5y,7.1,2017,1
,2476.2w,7.2,2017,1
,5334.2w,7.2,2017,1
48,1.9y,6,2016,1
42,1.3y,7.1,2016,1
43,9255.5w,,2016,1
44,4.8y,6.3,2016,1
48,7075.8w,,2016,1
40,2.0y,,2016,1
54,5.9y,6.8,2016,1
44,6.9y,,2016,1
44,3.8y,7.4,2016,1
42,4.6y,,2016,1
55,4.9y,,2016,1
15,1.1y,7.1,2016,1
38,3.5y,,2016,1
35,1.4y,7.2,2016,1
38,21.3y,7,2016,1
44,17.1y,7.9,2016,1
44,1.0y,7.7,2016,1
41,5.1y,8.4,2016,1
36,1.4y,7.4,2016,1
16,3185.6w,7.4,2016,1
19,1667.5w,7.2,2016,1
50,2.3y,7.5,2016,1
45,4.1y,,2016,1
13,2666.9w,,2016,1
30,5485.3w,7.3,2016,1
42,6.3y,7.5,2016,1
36,5.1y,7.4,2016,1
58,42.6y,7.5,2016,1
58,1.2y,7.3,2016,1
48,2.2y,7,2016,1
33,1.2y,,2016,1
44,2.1y,7.2,2016,1
61,9.7y,7.6,2016,1
30,1.0y,7.8,2016,1
38,8.2y,7.5,2016,1
16,8444.8w,9.4,2016,1
48,2.9y,6.6,2016,1
50,2.8y,6.6,2016,1
33,7006.4w,,2016,1
37,2.1y,6.7,2016,1
38,7.4y,7.6,2016,1
42,8.6y,8,2016,1
10,7135.1w,7.6,2016,1
36,9.9y,8.4,2016,1
12,5.7y,8.5,2016,1
42,1.8y,7.9,2016,1
16,4072.9w,9,2016,1
21,689.2w,7.2,2016,1
45,36.4y,8.7,2016,1
32,5698.7w,7.3,2016,1
41,24.8y,7.9,2016,1
40,4.0y,7.5,2016,1
45,4.0y,7.3,2016,1
42,70.3y,8.6,2016,1
42,2.7y,7.7,2016,1
42,6.9y,7.9,2016,1
28,2.5y,7.5,2016,1
40,2.1y,8.6,2016,1
71,15.5y,7.1,2016,1
69,5732.7w,6.8,2016,1
40,9623.6w,6.8,2016,1
36,14.0y,8.6,2016,1
36,2.2y,7.2,2016,1
35,6.8y,7.1,2015,1
35,7570.3w,8.1,2015,1
36,8139.8w,,2015,1
40,1.9y,,2015,1
5,568.7w,7.1,2015,1
40,1.9y,,2015,1
25,1664.6w,7.1,2015,1
40,2.4y,6.1,2015,1
28,7119.6w,7.3,2015,1
44,7.7y,8.2,2015,1
36,2.3y,7.5,2015,1
44,1.7y,6.9,2015,1
42,4.5y,6.9,2015,1
32,1.2y,7.8,2015,1
38,3.8y,,2015,1
37,2.7y,6.6,2015,1
35,6.6y,8.8,2015,1
32,3.5y,8.3,2015,1
40,8222.0w,7,2015,1
42,2.5y,6.7,2015,1
54,6.6y,,2015,1
13,30.3w,7.1,2015,1
44,27.1y,7.6,2015,1
10,2495.3w,7.1,2015,1
42,1.3y,7.4,2015,1
40,7.6y,7.8,2015,1
32,5.1y,7.6,2015,1
39,1.6y,7.2,2015,1
40,2.3y,7.9,2015,1
39,11.7y,,2015,1
35,1.3y,,2015,1
34,3.7y,7.5,2015,1
38,10.8y,7.4,2015,1
38,1.6y,,2015,1
32,3482.2w,,2015,1
40,3539.7w,,2015,1
40,2.2y,,2015,1
38,1.5y,,2015,1
42,2.0y,7.8,2015,1
31,8005.1w,,2015,1
40,3.5y,,2015,1
41,2.0y,,2015,1
40,5.4y,,2015,1
30,3.4y,7.9,2015,1
30,4575.5w,,2015,1
36,1.0y,7.3,2015,1
38,8.6y,8.6,2015,1
,328.2w,7.6,2015,1
,1182.2w,7.8,2015,1
,2688.5w,7.4,2015,1
,530.6w,8.6,2015,1
,1012.2w,7.4,2015,1
,6897.3w,7.4,2015,1
,199.6w,7.3,2015,1
54,3402.5w,7.4,2014,1
55,6.4y,,2014,1
37,8300.3w,,2014,1
32,2.1y,6.6,2014,1
24,2157.4w,7.3,2014,1
37,2.2y,6.4,2014,1
30,1010.4w,7.3,2014,1
10,1221.1w,,2014,1
35,1.1y,6.7,2014,1
36,3.0y,,2014,1
32,1.4y,8.2,2014,1
30,2.3y,8,2014,1
35,1260.0w,6,2014,1
34,3567.2w,,2014,1
46,9848.3w,7.4,2014,1
36,8351.4w,,2014,1
75,9584.1w,6,2014,1
68,13.1y,6.1,2014,1
36,5683.0w,,2014,1
36,2458.0w,,2014,1
,352.0w,7.2,2014,1
38,1.0y,7.4,2014,1
40,2601.1w,7.7,2014,1
38,3.4y,7.9,2014,1
49,3.6y,,2014,1
32,8795.4w,6.7,2014,1
32,9059.0w,7.6,2014,1
35,1.1y,,2014,1
38,2.0y,8.2,2014,1
10,445.7w,8.7,2014,1
36,2101.7w,,2014,1
6,270.4w,9.2,2014,1
42,2.0y,,2014,1
72,7.5y,,2014,1
36,2.5y,,2014,1
35,2.3y,,2014,1
27,1406.5w,7.7,2014,1
6,521.4w,9.1,2014,1
44,2.1y,,2014,1
46,30.9y,8.4,2014,1
30,1.7y,,2014,1
42,11.7y,,2014,1
34,2.2y,,2014,1
30,7624.4w,,2014,1
52,2.7y,,2014,1
35,4.0y,8.1,2014,1
60,6.9y,,2014,1
30,1.5y,8.3,2014,1
41,1.8y,7.6,2014,1
35,3.6y,7.6,2014,1
,5.2w,7.8,2014,1
,5233.9w,8.1,2014,1
,1.1w,7.6,2014,1
,9.5w,7.9,2014,1
,7506.8w,7.8,2014,1
48,2907.7w,9,2013,1
33,6790.5w,6.8,2013,1
30,1598.3w,7.3,2013,1
35,258.6w,7.2,2013,1
35,1273.8w,7.3,2013,1
34,1.1y,7.5,2013,1
32,1297.7w,,2013,1
19,690.8w,,2013,1
38,1.9y,,2013,1
30,288.0w,,2013,1
30,1.6y,7.6,2013,1
32,1.6y,8.7,2013,1
42,1.6y,7.5,2013,1
30,2634.9w,,2013,1
9,280.0w,9.1,2013,1
30,9582.8w,,2013,1
6,456.1w,8.4,2013,1
48,2.3y,8.7,2013,1
33,2922.7w,,2013,1
15,455.4w,8.2,2013,1
44,1.3y,,2013,1
40,6860.5w,,2013,1
80,1.1y,6.5,2013,1
108,17.8y,6.6,2013,1
38,18.1y,8.1,2013,1
40,2.1y,8.6,2013,1
38,4774.8w,8.6,2013,1
36,7990.7w,,2013,1
,3.6w,8.4,2013,1
,1.0w,8.3,2013,1
41,115.3w,7.8,2012,1
28,262.5w,7.7,2012,1
34,755.2w,8.8,2012,1
35,2984.2w,7.4,2012,1
36,4671.5w,7.4,2012,1
36,5311.0w,,2012,1
34,8298.3w,,2012,1
30,1374.0w,,2012,1
21,39.1w,7.2,2012,1
60,112.0w,7.2,2012,1
43,671.2w,,2012,1
43,1.1y,,2012,1
30,1898.3w,,2012,1
42,1.4y,7.4,2012,1
24,2453.7w,7.4,2012,1
35,1.8y,7.5,2012,1
20,1730.1w,8.5,2012,1
20,521.1w,,2012,1
25,422.8w,7.2,2012,1
33,3.2y,6.8,2012,1
35,472.3w,8.5,2012,1
33,3460.3w,,2012,1
35,4144.2w,,2012,1
35,3.7y,,2012,1
34,1.6y,7.4,2012,1
31,1251.0w,7.4,2012,1
34,3373.0w,7.2,2012,1
35,1.1y,,2012,1
29,970.2w,,2012,1
34,2.0y,,2012,1
40,4298.5w,7.4,2012,1
6,106.3w,8.6,2012,1
65,9222.1w,6.4,2012,1
31,9555.2w,,2012,1
30,2436.8w,7.6,2012,1
6,184.4w,7.1,2012,1
32,4472.3w,,2012,1
30,7628.4w,7.2,2012,1
,624.4w,7.1,2012,1
32,2151.8w,7.4,2011,1
30,54.7w,8.2,2011,1
37,2430.8w,8.8,2011,1
33,1081.1w,7.4,2011,1
29,541.0w,,2011,1
29,237.5w,,2011,1
21,2917.5w,7.3,2011,1
30,1.1y,,2011,1
28,187.1w,7.2,2011,1
21,53.7w,7.2,2011,1
36,1139.7w,8.6,2011,1
37,1004.2w,8,2011,1
33,2587.8w,7,2011,1
24,2631.8w,7.4,2011,1
32,3718.7w,8.1,2011,1
20,253.4w,,2011,1
28,1677.3w,,2011,1
28,152.0w,7.2,2011,1
40,1439.0w,,2011,1
40,1188.4w,,2011,1
20,1240.0w,7.4,2011,1
27,904.2w,7.3,2011,1
25,1121.0w,,2011,1
30,3869.1w,7.8,2011,1
37,3974.2w,8.4,2011,1
35,946.3w,,2011,1
30,1234.7w,7.3,2011,1
28,1521.7w,7.3,2011,1
25,4999.0w,7.6,2011,1
16,456.6w,,2011,1
14,6.3y,7.8,2021,2
32,40.5y,7.7,2021,2
28,53.0y,9,2021,2
36,24.3y,9.3,2021,2
45,50.3y,7.7,2021,2
40,56.0y,7.5,2021,2
49,32.9y,7.7,2021,2
32,7.4y,7.6,2021,2
,221.2w,7.2,2021,2
43,76.0y,8.9,2020,2
43,25.1y,7.6,2020,2
51,55.5y,8.4,2020,2
53,80.5y,8.1,2020,2
30,12.6y,7.6,2020,2
56,84.6y,7.9,2020,2
18,27.4y,9,2020,2
34,15.7y,7.6,2020,2
36,19.5y,8.9,2020,2
48,31.1y,7.6,2020,2
32,6.4y,7.6,2020,2
31,10.3y,7.6,2020,2
34,10.7y,7.6,2020,2
24,4.9y,7.5,2020,2
35,10.3y,7.5,2020,2
24,3.4y,7.5,2020,2
40,2.0y,7.5,2020,2
,1.3y,8.9,2020,2
36,3186.5w,7.4,2020,2
6,389.2w,7.4,2020,2
,1042.7w,7.3,2020,2
,6393.8w,7.3,2020,2
24,5023.8w,7.3,2020,2
36,127.8w,7.3,2020,2
,3258.0w,7.2,2020,2
,1028.0w,7.2,2020,2
,73.5w,7.1,2020,2
,40.0w,7.1,2020,2
,178.0w,7.1,2020,2
,1150.8w,7.3,2020,2
,3323.8w,7.3,2020,2
,1257.1w,7.3,2020,2
,1699.7w,7.3,2020,2
,294.6w,7.2,2020,2
,332.8w,7.1,2020,2
,71.1w,7.1,2020,2
,38.8w,7,2020,2
,2.7w,6.8,2020,2
50,99.2y,9.1,2019,2
40,40.2y,8.6,2019,2
50,70.9y,7.8,2019,2
21,38.9y,8.5,2019,2
24,31.3y,8.9,2019,2
40,41.4y,7.7,2019,2
46,16.5y,8.6,2019,2
40,14.7y,7.5,2019,2
24,11.6y,8.1,2019,2
56,24.3y,7.1,2019,2
32,20.1y,8,2019,2
28,14.6y,8.3,2019,2
36,20.9y,8,2019,2
30,13.7y,8.3,2019,2
24,7.2y,7.4,2019,2
41,15.6y,7.2,2019,2
32,6.8y,8.4,2019,2
24,6.0y,8,2019,2
5,7.0y,9.3,2019,2
24,3.0y,7.5,2019,2
39,1.7y,8.5,2019,2
26,6.0y,7.5,2019,2
24,3.7y,8,2019,2
23,1.6y,7.5,2019,2
24,2.1y,7.5,2019,2
30,5.7y,8.6,2019,2
24,6.7y,7.4,2019,2
5,9677.9w,9.5,2019,2
24,5.7y,8.1,2019,2
24,2.0y,8,2019,2
28,1.4y,7.4,2019,2
40,2.1y,7.9,2019,2
31,4.4y,7.8,2019,2
18,1.7y,8.4,2019,2
16,1.1y,7.4,2019,2
15,6033.1w,7.4,2019,2
30,1.3y,8.5,2019,2
38,1.5y,6.9,2019,2
24,2.0y,7.4,2019,2
24,2.6y,7.4,2019,2
22,1.1y,7.7,2019,2
10,4955.5w,7.9,2019,2
28,5367.3w,8.4,2019,2
20,1.0y,7.7,2019,2
12,2118.9w,,2019,2
24,1815.2w,7.3,2019,2
,449.7w,7.2,2019,2
36,3013.9w,7.1,2019,2
26,2508.6w,7.1,2019,2
,87.1w,7.1,2019,2
,1593.8w,7.1,2019,2
,2434.4w,7.2,2019,2
,348.0w,7.2,2019,2
,134.5w,7.2,2019,2
,168.6w,9.3,2019,2
,105.9w,7,2019,2
,189.5w,7.1,2019,2
,29.8w,6.8,2019,2
66,153.4y,7.2,2018,2
52,68.2y,8.2,2018,2
30,18.9y,7.9,2018,2
36,24.9y,7.8,2018,2
42,64.0y,7.2,2018,2
25,32.6y,8.4,2018,2
40,11.1y,8.1,2018,2
50,31.8y,8,2018,2
30,16.8y,8.5,2018,2
48,23.2y,8.6,2018,2
54,31.7y,8,2018,2
21,24.5y,7.5,2018,2
36,34.7y,7.5,2018,2
55,71.4y,8,2018,2
30,16.9y,8.6,2018,2
30,27.3y,8.3,2018,2
24,17.7y,8.6,2018,2
30,40.4y,8.1,2018,2
56,41.8y,7.9,2018,2
21,11.1y,7.4,2018,2
48,11.8y,7.5,2018,2
28,17.4y,6.7,2018,2
30,16.6y,8.3,2018,2
30,20.3y,8.9,2018,2
45,3.2y,7.1,2018,2
50,29.2y,7.8,2018,2
32,6.3y,6.4,2018,2
20,5.0y,7.5,2018,2
36,7.9y,7.5,2018,2
45,4.8y,8.2,2018,2
54,3.5y,7.5,2018,2
40,6.1y,7.8,2018,2
36,19.1y,8.2,2018,2
28,8.8y,7.5,2018,2
24,5.4y,7.7,2018,2
11,1.1y,,2018,2
24,3.6y,7.9,2018,2
40,3.7y,7.5,2018,2
28,4.5y,7.4,2018,2
38,7886.1w,7.4,2018,2
6,2.6y,8.5,2018,2
10,1.2y,9.2,2018,2
23,7.9y,8.4,2018,2
24,1.3y,7.2,2018,2
36,3.6y,7.4,2018,2
38,3.7y,7.4,2018,2
35,2.1y,7.4,2018,2
10,702.8w,8.7,2018,2
5,2.9y,8.5,2018,2
35,2.1y,7.4,2018,2
,1926.9w,7.4,2018,2
10,6935.5w,8.6,2018,2
54,2.7y,7.3,2018,2
20,1.6y,7.4,2018,2
10,1.3y,7.6,2018,2
,3.9y,7.3,2018,2
5,4262.1w,8.4,2018,2
24,2.5y,7.3,2018,2
5,3014.3w,8.7,2018,2
,5366.4w,8.3,2018,2
24,1.1y,7.3,2018,2
30,3511.8w,7.3,2018,2
20,1.7y,7.3,2018,2
20,9282.0w,7.3,2018,2
12,3.4y,7.3,2018,2
,6484.0w,7.3,2018,2
,1901.2w,7.2,2018,2
30,2755.0w,7.2,2018,2
8,1346.4w,7.3,2018,2
,5992.5w,7.6,2018,2
,363.7w,7.2,2018,2
,1896.7w,7.4,2018,2
12,322.8w,7.1,2018,2
,127.7w,8.1,2018,2
,112.1w,7.1,2018,2
,3371.5w,7.3,2018,2
,5287.4w,7.3,2018,2
,2725.3w,6.9,2018,2
,7.2y,7.7,2018,2
8,576.7w,7.1,2018,2
,2399.0w,7.2,2018,2
,2537.1w,7.6,2018,2
,2138.7w,7.5,2018,2
,117.4w,7.5,2018,2
,1078.3w,6.8,2018,2
,1198.0w,7.2,2018,2
,9896.6w,7.6,2018,2
,5561.6w,7.2,2018,2
,589.0w,6.8,2018,2
,1481.0w,7.2,2018,2
,1074.4w,7.2,2018,2
,2868.8w,7.2,2018,2
,1181.2w,7.1,2018,2
,3597.0w,7.1,2018,2
,4364.5w,7.1,2018,2
,3718.5w,7.1,2018,2
,97.3w,7,2018,2
40,8.0y,7.1,2018,2
,58.9w,7,2018,2
74,148.8y,8.5,2017,2
60,73.7y,8.4,2017,2
45,30.1y,6.9,2017,2
21,19.1y,8.2,2017,2
23,44.2y,8.5,2017,2
23,15.1y,8.2,2017,2
20,8.4y,8.4,2017,2
35,21.7y,6.6,2017,2
34,9.6y,7.5,2017,2
20,6.6y,8.4,2017,2
23,16.7y,7.3,2017,2
20,33.6y,7.4,2017,2
24,59.6y,7.9,2017,2
21,3.4y,7.5,2017,2
39,4.8y,,2017,2
48,19.0y,8.4,2017,2
34,44.1y,7.5,2017,2
48,21.0y,6.9,2017,2
20,12.7y,6.3,2017,2
23,15.2y,7.5,2017,2
30,23.4y,8.5,2017,2
54,22.5y,6.3,2017,2
66,32.1y,6.6,2017,2
30,15.0y,8.5,2017,2
30,24.1y,8.2,2017,2
20,7.2y,6.5,2017,2
32,10.5y,7.1,2017,2
40,12.9y,7.8,2017,2
7,7.1y,9.4,2017,2
20,4.9y,8,2017,2
12,3548.0w,,2017,2
21,1.8y,7.4,2017,2
42,16.3y,7.5,2017,2
20,3.4y,7.9,2017,2
20,1.6y,8,2017,2
40,4.4y,7,2017,2
29,4.4y,7.2,2017,2
29,2.8y,7.4,2017,2
12,1.7y,8.8,2017,2
22,5.7y,6.4,2017,2
32,5.4y,6.6,2017,2
9,2.4y,9.3,2017,2
16,1.8y,6.3,2017,2
19,2.2y,7.4,2017,2
18,6.1y,8,2017,2
36,2.1y,7.4,2017,2
25,3.5y,7.9,2017,2
18,2.3y,7.4,2017,2
54,1.2y,6.2,2017,2
3,6356.7w,8,2017,2
18,5.4y,8,2017,2
7,2823.3w,9,2017,2
5,9296.5w,7.3,2017,2
8,834.1w,7.4,2017,2
30,1959.5w,8.6,2017,2
,2.2y,7.3,2017,2
10,336.7w,9.1,2017,2
16,1.4y,8.1,2017,2
5,6548.4w,8.5,2017,2
24,8521.4w,7.3,2017,2
4,1050.6w,7.2,2017,2
12,6026.7w,8.4,2017,2
12,2257.4w,,2017,2
1,4308.7w,7.9,2017,2
16,2.7y,8.1,2017,2
22,4527.4w,7.2,2017,2
15,7400.5w,7.3,2017,2
20,2.2y,7.4,2017,2
16,2.6y,8.1,2017,2
,6619.8w,7.2,2017,2
,321.0w,7.2,2017,2
,4894.0w,7.2,2017,2
15,5324.7w,8.2,2017,2
,3745.1w,7.2,2017,2
15,4750.0w,7.2,2017,2
,527.9w,7.2,2017,2
12,3527.6w,7.2,2017,2
20,2196.9w,6.8,2017,2
,2017.7w,6,2017,2
12,983.8w,7.1,2017,2
,1.4y,7.4,2017,2
24,666.2w,7.1,2017,2
,5739.0w,7.3,2017,2
35,792.9w,7.2,2017,2
,6849.9w,7.2,2017,2
,3709.5w,7.2,2017,2
,176.3w,8.9,2017,2
,1.8y,7.2,2017,2
,2321.7w,7.1,2017,2
,1317.9w,8.9,2017,2
,81.6w,6.1,2017,2
,1228.4w,7.1,2017,2
,1.4y,7.1,2017,2
,133.7w,8,2017,2
,154.2w,8,2017,2
42,4.7y,6.4,2016,2
21,59.8y,8.9,2016,2
21,27.2y,8.4,2016,2
16,9.8y,8.8,2016,2
34,10.9y,9.3,2016,2
42,3.2y,7.5,2016,2
18,22.3y,7,2016,2
71,15.5y,7.1,2016,2
28,26.1y,7.3,2016,2
43,27.2y,6.6,2016,2
17,5.2y,7.5,2016,2
44,16.3y,8.9,2016,2
33,3.3y,8.5,2016,2
35,5.4y,6.6,2016,2
12,5.7y,8.5,2016,2
28,34.3y,8.6,2016,2
30,16.8y,7.7,2016,2
45,4.4y,,2016,2
40,16.4y,7.3,2016,2
16,4.3y,9.3,2016,2
10,3.5y,9.5,2016,2
43,8.0y,6.3,2016,2
40,9.8y,6.7,2016,2
45,4.0y,7.3,2016,2
10,1.7y,9.1,2016,2
44,5.1y,7.9,2016,2
43,5.5y,8.4,2016,2
16,8445.0w,9.4,2016,2
32,2.7y,8,2016,2
3,8911.6w,8.9,2016,2
40,4.0y,7.5,2016,2
42,6.3y,7.5,2016,2
47,4643.8w,7.4,2016,2
24,6.2y,7.6,2016,2
12,6947.3w,8,2016,2
16,21.1y,7.5,2016,2
,228.4w,8.6,2016,2
10,1.0y,7.3,2016,2
2,8970.5w,8.3,2016,2
20,8747.6w,8.4,2016,2
42,1.8y,7.9,2016,2
16,1.1y,7.6,2016,2
26,2601.1w,9,2016,2
25,8010.4w,7.9,2016,2
200,4230.5w,7.3,2016,2
12,2931.5w,7.5,2016,2
2,1.7y,7.3,2016,2
69,5732.7w,6.8,2016,2
16,1.7y,7.4,2016,2
12,4.5y,7.3,2016,2
7,5417.7w,7.7,2016,2
1,846.4w,8.4,2016,2
3,1884.1w,8.7,2016,2
30,5485.3w,7.3,2016,2
14,3301.8w,7.1,2016,2
24,6445.9w,7.3,2016,2
42,7214.9w,7.7,2016,2
10,766.6w,9.1,2016,2
3,1271.5w,8.4,2016,2
26,982.2w,7.7,2016,2
30,6270.5w,8.2,2016,2
16,5.5y,7.2,2016,2
20,3.3y,8.3,2016,2
10,1836.9w,7.2,2016,2
4,587.0w,8.2,2016,2
12,2.1y,7.2,2016,2
1,934.2w,8.5,2016,2
19,1667.5w,7.2,2016,2
9,320.3w,9.1,2016,2
1,206.7w,8.3,2016,2
12,3224.8w,7.1,2016,2
12,1.1y,7.1,2016,2
,1.5y,7.1,2016,2
6,274.6w,7.1,2016,2
,3.9y,7,2016,2
,362.9w,7.1,2016,2
,8130.9w,7.3,2016,2
,4486.0w,8.6,2016,2
,864.4w,8.4,2016,2
,8270.7w,6.5,2016,2
,1447.6w,9.1,2016,2
12,598.7w,7,2016,2
,1152.9w,8.1,2016,2
,1187.1w,7.2,2016,2
38,8.6y,8.6,2015,2
56,5.2y,9.2,2015,2
34,2.3y,7,2015,2
34,3.7y,7.5,2015,2
72,2.7y,6.8,2015,2
33,17.1y,8.3,2015,2
41,9.6y,8.8,2015,2
36,1.0y,7.6,2015,2
11,4.4y,7,2015,2
60,4.4y,7.6,2015,2
10,7806.3w,8.7,2015,2
38,10.8y,7.4,2015,2
26,1.6y,8,2015,2
8,1.8y,7.3,2015,2
10,2211.3w,8.8,2015,2
10,4269.8w,8.4,2015,2
10,895.6w,9.1,2015,2
8,1946.3w,8.5,2015,2
12,3619.6w,7.2,2015,2
,314.7w,8.9,2015,2
10,572.4w,8.8,2015,2
10,1.2y,7.8,2015,2
6,1013.6w,7.6,2015,2
10,308.0w,9.1,2015,2
3,312.0w,8.1,2015,2
8,1047.3w,8.1,2015,2
2,9011.4w,7.1,2015,2
12,3713.3w,7.2,2015,2
5,568.7w,7.1,2015,2
10,2503.6w,7.1,2015,2
6,462.4w,8.6,2015,2
12,2226.9w,7.1,2015,2
,2216.5w,8.3,2015,2
12,7710.2w,7.1,2015,2
16,4385.4w,7.1,2015,2
,747.7w,9.1,2015,2
,402.9w,7.9,2015,2
,108.2w,7.6,2015,2
,366.3w,7.7,2015,2
,23.2w,8.7,2015,2
44,10.1y,8.4,2014,2
24,2.9y,8.5,2014,2
46,6.3y,7.9,2014,2
60,6.7y,8.8,2014,2
46,7.8y,8.9,2014,2
48,3.3y,9,2014,2
34,1.9y,8.5,2014,2
10,1.8y,9.5,2014,2
46,30.9y,8.4,2014,2
2,1.1y,7.3,2014,2
40,6.3y,7.2,2014,2
37,1.2y,,2014,2
8,2304.1w,9.3,2014,2
13,2702.3w,8.2,2014,2
10,1.2y,7.4,2014,2
10,1834.1w,8.8,2014,2
10,1980.3w,9,2014,2
8,1451.5w,9.1,2014,2
60,4.3y,7.4,2014,2
20,2670.8w,7.2,2014,2
10,2077.8w,8.5,2014,2
10,2565.9w,8.3,2014,2
7,1198.4w,8.8,2014,2
36,1314.8w,6.8,2014,2
4,227.1w,9.2,2014,2
10,285.1w,8.7,2014,2
6,270.4w,9.2,2014,2
12,220.4w,8.8,2014,2
,3509.4w,7.2,2014,2
,9160.0w,8.2,2014,2
4,740.3w,7.3,2014,2
10,445.7w,8.7,2014,2
12,1462.7w,,2014,2
10,1221.1w,,2014,2
3,592.4w,8.4,2014,2
8,91.7w,8.9,2014,2
10,173.5w,9.1,2014,2
12,2553.6w,7.2,2014,2
7,167.6w,8.5,2014,2
,281.0w,7.7,2014,2
1,77.2w,7.1,2014,2
,3608.0w,8,2014,2
,346.9w,7.5,2014,2
,48.6w,8.2,2014,2
,1600.7w,7.6,2014,2
,15.4w,9.1,2014,2
,352.2w,7.8,2014,2
,34.0w,8.4,2014,2
,566.8w,7.1,2014,2
,93.0w,7,2014,2
38,5.1y,9.1,2013,2
51,2.6y,9.4,2013,2
44,3.3y,8.5,2013,2
62,6.0y,8.5,2013,2
60,17.1y,6.8,2013,2
46,22.4y,8.3,2013,2
38,18.1y,8.1,2013,2
39,1.2y,7.5,2013,2
108,17.8y,6.6,2013,2
10,1.8y,9.5,2013,2
30,3.8y,7.9,2013,2
40,2.1y,8.6,2013,2
41,7882.5w,,2013,2
30,1.6y,7.6,2013,2
39,2054.9w,8,2013,2
5,902.6w,8.6,2013,2
100,1.8y,8,2013,2
10,3184.1w,9,2013,2
13,2827.9w,8.2,2013,2
10,3156.0w,8.6,2013,2
38,1.2y,8.7,2013,2
40,2.0y,6.5,2013,2
,1701.6w,8.1,2013,2
6,1313.2w,8.9,2013,2
10,259.8w,8.7,2013,2
,2226.7w,8.1,2013,2
10,356.9w,8.7,2013,2
24,4409.8w,7.3,2013,2
9,280.0w,9.1,2013,2
18,578.4w,8.6,2013,2
3,182.2w,8.2,2013,2
5,283.7w,8.4,2013,2
,1187.2w,8.7,2013,2
10,477.8w,8.4,2013,2
6,456.1w,8.4,2013,2
10,158.9w,9,2013,2
6,128.0w,8.1,2013,2
20,1.1y,7.3,2013,2
15,455.5w,8.2,2013,2
,844.6w,7.5,2013,2
,113.1w,7.7,2013,2
1,34.3w,7,2013,2
,213.4w,8.3,2013,2
,244.3w,7.3,2013,2
,24.8w,8.6,2013,2
,624.8w,7,2013,2
,133.2w,8.3,2013,2
24,14.7y,8.5,2012,2
56,24.1y,7.4,2012,2
31,4.4y,7.7,2012,2
33,4.4y,8.9,2012,2
32,6.1y,7.9,2012,2
40,2.0y,8.4,2012,2
10,2.1y,9.5,2012,2
43,9295.6w,6.7,2012,2
30,9905.3w,8.4,2012,2
10,3757.8w,8.8,2012,2
34,1.0y,,2012,2
42,1.4y,7.4,2012,2
30,1343.5w,,2012,2
10,1144.5w,8.6,2012,2
12,490.7w,9.3,2012,2
10,882.3w,9,2012,2
4,596.2w,8.9,2012,2
8,358.0w,8.7,2012,2
12,643.8w,8.7,2012,2
6,471.5w,9.1,2012,2
4,238.1w,9.1,2012,2
13,187.5w,8.6,2012,2
13,193.5w,8.5,2012,2
6,106.3w,8.6,2012,2
2,112.5w,8.5,2012,2
20,4338.8w,,2012,2
,11.2w,8.6,2012,2
,,7,2012,2
,1.7w,7.6,2012,2
86,17.3y,8.8,2011,2
36,2.0y,7.6,2011,2
35,5.5y,7.8,2011,2
72,15.1y,9.1,2011,2
46,2051.8w,7.5,2011,2
10,3.8y,9.5,2011,2
34,2.5y,8.7,2011,2
33,5413.5w,8.4,2011,2
37,1205.3w,7.4,2011,2
10,4811.6w,8.7,2011,2
12,484.6w,9.2,2011,2
8,476.2w,8.3,2011,2
1,157.3w,8.7,2011,2
12,749.0w,8.8,2011,2
13,191.5w,8.7,2011,2
,3.4w,7.8,2011,2
24,1854.6w,7.6,2021,3
61,5599.0w,7.7,2021,3
30,1309.3w,7.6,2021,3
34,1.8y,7.7,2021,3
40,2343.7w,7.6,2021,3
50,1053.0w,7.6,2021,3
12,766.1w,7.6,2021,3
60,3110.2w,7.6,2021,3
27,2.5y,7.6,2021,3
50,4958.4w,7.5,2021,3
50,250.4w,7.5,2021,3
50,550.6w,7.5,2021,3
50,4781.6w,7.6,2021,3
57,530.5w,7.5,2021,3
51,3250.5w,7.5,2021,3
36,1.2y,7.5,2021,3
50,743.2w,7.6,2021,3
24,5834.2w,7.5,2021,3
53,353.0w,7.5,2021,3
16,623.1w,7.5,2021,3
51,371.2w,7.5,2021,3
51,349.0w,7.5,2021,3
51,2315.5w,7.5,2021,3
50,556.2w,7.5,2021,3
52,646.8w,7.5,2021,3
60,1031.7w,7.5,2021,3
50,1483.5w,7.5,2021,3
32,629.6w,7.6,2021,3
55,1940.2w,7.5,2021,3
50,356.2w,7.5,2021,3
50,1033.7w,7.5,2021,3
50,207.4w,7.4,2021,3
50,746.7w,7.4,2021,3
50,268.7w,7.4,2021,3
50,777.2w,7.4,2021,3
132,3.3y,7.4,2021,3
50,428.2w,7.4,2021,3
14,4998.0w,7.5,2021,3
50,270.1w,7.4,2021,3
50,330.3w,7.4,2021,3
50,683.6w,7.4,2021,3
50,317.6w,7.4,2021,3
53,253.6w,7.4,2021,3
51,342.5w,7.4,2021,3
52,412.1w,7.4,2021,3
54,554.3w,7.4,2021,3
50,2833.6w,7.4,2021,3
50,625.6w,7.4,2021,3
50,135.9w,7.4,2021,3
50,218.2w,7.4,2021,3
50,159.6w,7.4,2021,3
50,191.7w,7.4,2021,3
50,317.0w,7.4,2021,3
21,99.5w,7.4,2021,3
50,170.2w,7.4,2021,3
60,61.2w,7.3,2021,3
51,277.2w,7.4,2021,3
50,106.1w,7.4,2021,3
50,89.5w,7.3,2021,3
50,421.9w,7.4,2021,3
15,41.4w,7.3,2021,3
50,96.9w,7.3,2021,3
50,342.3w,7.4,2021,3
50,194.3w,7.4,2021,3
50,2313.2w,7.4,2021,3
50,110.2w,7.4,2021,3
55,139.8w,7.4,2021,3
50,109.1w,7.4,2021,3
51,109.3w,7.3,2021,3
50,79.3w,7.3,2021,3
54,57.8w,7.3,2021,3
50,89.1w,7.3,2021,3
53,68.7w,7.4,2021,3
50,177.3w,7.4,2021,3
50,109.7w,7.4,2021,3
50,260.5w,7.4,2021,3
50,78.7w,7.3,2021,3
50,238.6w,7.5,2021,3
50,79.0w,7.4,2021,3
50,127.6w,7.4,2021,3
51,80.4w,7.4,2021,3
50,101.9w,7.4,2021,3
22,67.1w,7.4,2021,3
53,40.0w,7.3,2021,3
50,143.2w,7.3,2021,3
50,134.5w,7.3,2021,3
50,46.2w,7.3,2021,3
63,45.2w,7.3,2021,3
16,97.7w,7.3,2021,3
51,204.1w,7.4,2021,3
50,173.3w,7.3,2021,3
50,152.1w,7.3,2021,3
50,116.2w,7.3,2021,3
50,99.1w,7.4,2021,3
50,104.3w,7.4,2021,3
15,32.2w,7.3,2021,3
50,69.0w,7.3,2021,3
50,22.1w,7.3,2021,3
50,128.7w,7.3,2021,3
50,64.7w,7.3,2021,3
50,53.1w,7.3,2021,3
50,182.5w,7.3,2021,3
25,27.3w,7.3,2021,3
50,31.6w,7.3,2021,3
50,40.0w,7.3,2021,3
50,32.4w,7.3,2021,3
52,843.1w,7.3,2021,3
50,14.7w,7.2,2021,3
50,38.3w,7.3,2021,3
51,15.2w,7.3,2021,3
12,26.0w,7.3,2021,3
15,36.9w,7.2,2021,3
50,17.7w,7.2,2021,3
50,34.1w,7.2,2021,3
25,69.3w,7.2,2021,3
15,4.6w,7.2,2021,3
1,3083.9w,7.1,2021,3
17,5103,7.1,2021,3
12,33.0w,7.1,2021,3
10,3553,7.1,2021,3
50,2266.5w,7.6,2020,3
72,4.0y,7.6,2020,3
60,1632.1w,7.6,2020,3
16,7278.8w,7.4,2020,3
23,148.5w,7.4,2020,3
52,68.6w,7.4,2020,3
18,2360.6w,7.4,2020,3
28,66.0w,7.3,2020,3
62,2.2y,7.3,2020,3
24,7656.7w,7.3,2020,3
11,327.5w,7.4,2020,3
50,944.4w,7.3,2020,3
29,4617.2w,7.3,2020,3
12,1667.2w,7.3,2020,3
8,35.8w,7.3,2020,3
60,5095.9w,7.3,2020,3
53,148.5w,7.3,2020,3
25,20.7w,7.3,2020,3
50,10.5w,7.2,2020,3
10,2747.8w,7.2,2020,3
50,7.8w,7.2,2020,3
25,12.1w,7.2,2020,3
52,3.9y,7.5,2019,3
12,4162.7w,7.3,2019,3
12,6855.6w,9.7,2019,3
12,2118.9w,,2019,3
12,1659.3w,7.2,2019,3
14,452.4w,7.2,2019,3
12,1855.4w,7.2,2019,3
36,3013.9w,7.1,2019,3
19,2446.6w,7.2,2019,3
26,1355.8w,7.2,2019,3
26,2508.6w,7.1,2019,3
5,195.3w,7.1,2019,3
7,433.2w,7.1,2019,3
12,1144.3w,7.1,2019,3
20,3064.4w,8.2,2018,3
48,3009.8w,7.2,2018,3
10,2578.4w,7.2,2018,3
4,614.6w,,2018,3
26,7582.1w,7.2,2018,3
25,281.2w,7.1,2018,3
13,1016.0w,7.1,2018,3
12,322.8w,7.1,2018,3
18,382.0w,7.1,2018,3
6,245.5w,7.1,2018,3
10,396.9w,7.1,2018,3
17,400.1w,7.1,2018,3
12,197.5w,7,2018,3
6,78.0w,7,2018,3
4,166.1w,6.9,2018,3
9,769.0w,7.1,2015,3
45,50.3y,7.7,2021,4
32,7.4y,7.6,2021,4
45,3.5y,7.7,2021,4
61,7.1y,7.6,2021,4
24,26.6y,8.7,2020,4
30,12.6y,7.6,2020,4
48,31.1y,7.6,2020,4
,3589.7w,7.3,2020,4
58,32.3y,8.1,2019,4
56,23.0y,7.9,2019,4
41,15.6y,7.2,2019,4
72,12.6y,6.2,2019,4
78,136.3y,8.8,2018,4
36,34.7y,7.5,2018,4
30,40.4y,8.1,2018,4
21,11.1y,7.4,2018,4
39,1.9y,7.5,2018,4
32,6.3y,6.4,2018,4
36,7.9y,7.5,2018,4
28,4.5y,7.4,2018,4
36,3.6y,7.4,2018,4
,55.4y,8.8,2018,4
,1346.2w,7.2,2018,4
60,73.7y,8.4,2017,4
75,38.4y,8.3,2017,4
32,16.5y,8.1,2017,4
56,35.3y,7.6,2017,4
72,23.5y,6.5,2017,4
24,59.6y,7.9,2017,4
40,2.1y,7.9,2017,4
78,1.4y,6.3,2017,4
22,5.7y,6.4,2017,4
,6902.3w,7.3,2017,4
,6625.5w,7.2,2017,4
,838.6w,7.2,2017,4
,2948.6w,7.2,2017,4
54,86.7y,7.2,2016,4
40,16.4y,7.3,2016,4
8,2036.2w,8.4,2016,4
,864.3w,8.4,2016,4
,223.2w,7.4,2016,4
54,66.0y,9.6,2015,4
81,147.9y,7.7,2015,4
82,2.0y,7.3,2015,4
96,44.7y,7.4,2014,4
86,1.2y,7.3,2014,4
82,4.4y,7.2,2014,4
59,18.9y,8.3,2013,4
46,22.4y,8.3,2013,4
31,2841.0w,,2013,4
45,2.2y,8.2,2013,4
30,2.2y,8.8,2012,4
35,5.5y,7.8,2011,4
46,2051.3w,7.5,2011,4
33,1.1y,7.7,2021,5
34,1.4y,7.7,2021,5
49,5.2y,7.6,2021,5
43,1.5y,7.6,2021,5
32,1.0y,7.6,2021,5
36,2387.6w,7.5,2021,5
40,3973.3w,7.5,2021,5
47,5.3y,7.6,2020,5
40,2.4y,7.6,2020,5
30,9581.7w,7.5,2020,5
20,9872.6w,7.6,2020,5
43,5.2y,7.5,2020,5
40,4.6y,7.6,2019,5
50,8.4y,8.3,2019,5
38,2.8y,8.6,2019,5
40,8.0y,,2019,5
48,3.4y,7.5,2019,5
50,23.9y,7.1,2019,5
50,16.1y,8.2,2019,5
36,3.4y,7.3,2019,5
30,2.5y,7.5,2019,5
25,2.0y,7.5,2019,5
38,1.2y,7.5,2019,5
46,1.5y,,2019,5
43,3.9y,7.4,2019,5
28,4991.8w,,2019,5
15,6033.1w,7.4,2019,5
48,4995.3w,8.1,2019,5
10,4955.5w,7.9,2019,5
,468.5w,7.2,2019,5
39,3.9y,7.6,2018,5
40,13.8y,,2018,5
38,11.0y,,2018,5
45,33.7y,6.4,2018,5
39,9428.3w,7.6,2018,5
50,10.2y,7.7,2018,5
40,3.2y,8,2018,5
48,11.8y,7.5,2018,5
48,2.2y,7.5,2018,5
52,2.0y,8.4,2018,5
46,1.5y,6.3,2018,5
37,3.4y,7.4,2018,5
50,6393.9w,7.6,2018,5
50,5.8y,,2017,5
50,12.6y,6.7,2017,5
40,2.6y,7.6,2017,5
50,16.5y,,2017,5
28,6.3y,7.9,2017,5
40,9.7y,,2017,5
30,5.8y,7.5,2017,5
49,26.3y,7.1,2017,5
35,21.7y,6.6,2017,5
32,10.4y,7.6,2017,5
34,10.6y,7.5,2017,5
21,3.4y,7.5,2017,5
40,4.6y,,2017,5
42,5127.8w,7.5,2017,5
39,4.8y,,2017,5
46,5.5y,7.5,2017,5
38,5.0y,6.6,2017,5
38,5.4y,,2017,5
33,8.6y,,2017,5
32,4.9y,8.6,2017,5
42,2.1y,,2017,5
36,2.7y,,2017,5
44,11.0y,7.5,2017,5
41,4.5y,,2017,5
39,4.5y,,2017,5
21,1.8y,7.4,2017,5
46,4.9y,7.7,2017,5
40,6602.3w,7.4,2017,5
40,3.5y,,2017,5
29,2.8y,7.4,2017,5
40,12.3y,6.9,2016,5
42,4.7y,6.4,2016,5
45,20.5y,,2016,5
38,6.7y,7.1,2016,5
66,17.8y,8.4,2016,5
42,8208.0w,7.5,2016,5
35,3.9y,8.3,2016,5
43,27.2y,6.6,2016,5
52,3.3y,8.7,2016,5
40,5.3y,,2016,5
42,10.8y,6.8,2016,5
43,5.8y,6.8,2016,5
36,3.6y,8.2,2016,5
40,7.3y,,2016,5
51,2.0y,,2016,5
46,4.6y,,2016,5
36,1.2y,,2016,5
34,2.1y,7.4,2016,5
43,7.3y,7.2,2016,5
40,10.8y,7.4,2016,5
29,2.3y,6.6,2016,5
50,3.0y,,2016,5
36,1.4y,7.5,2016,5
44,5.4y,,2016,5
40,2.7y,,2016,5
43,8.0y,6.3,2016,5
40,4.1y,,2016,5
34,8330.1w,,2016,5
34,1.3y,7.5,2016,5
3,8911.6w,8.9,2016,5
39,7.7y,,2015,5
41,6.1y,,2015,5
38,7.8y,7,2015,5
33,13.2y,8.3,2015,5
38,5.5y,8.9,2015,5
46,5.8y,6.5,2015,5
40,9.5y,6.5,2015,5
36,5.4y,8.3,2015,5
46,7.6y,8.1,2015,5
47,9.6y,7.5,2015,5
40,12.7y,7,2015,5
34,2.3y,7,2015,5
46,1.0y,6.5,2015,5
42,8.8y,8.1,2015,5
34,5.9y,,2015,5
36,7.5y,6.5,2015,5
30,5.6y,6.3,2015,5
40,4.4y,6.7,2015,5
34,4.5y,6.5,2015,5
40,5.2y,,2015,5
43,3.8y,7.2,2015,5
45,5.2y,6.8,2015,5
40,6.4y,7.1,2015,5
35,1.4y,,2015,5
40,3.0y,7.9,2015,5
34,3.3y,6.3,2015,5
42,3.6y,7.5,2015,5
45,8.5y,6.8,2015,5
41,9.6y,8.8,2015,5
35,2.8y,7.5,2015,5
43,7.4y,7,2014,5
36,19.0y,8.2,2014,5
36,8.7y,7.5,2014,5
46,6.3y,7.9,2014,5
35,1.3y,,2014,5
36,2.7y,6.4,2014,5
40,3.2y,,2014,5
34,5.2y,,2014,5
39,4.3y,,2014,5
48,3.3y,9,2014,5
34,3.6y,7.5,2014,5
35,3.5y,,2014,5
28,2.5y,6.4,2014,5
37,2.9y,,2014,5
38,1.5y,,2014,5
38,4.2y,7.3,2014,5
40,4.2y,7.4,2014,5
36,1.6y,7.9,2014,5
37,5.1y,7.6,2014,5
46,3.4y,8.5,2014,5
38,3.1y,8.4,2014,5
30,1.6y,,2014,5
33,1.2y,8.3,2014,5
40,3.1y,,2014,5
32,2.3y,,2014,5
30,8627.0w,7.4,2014,5
36,1.2y,8.2,2014,5
45,4.0y,6.7,2014,5
35,9293.0w,,2014,5
35,1453.2w,7,2014,5
35,2435.9w,7.4,2014,5
40,3746.9w,8.7,2014,5
42,3632.6w,8.8,2014,5
30,2247.9w,,2014,5
36,683.2w,7.3,2014,5
,665.5w,7.2,2014,5
1,621.6w,8.1,2014,5
,2138.7w,8.2,2014,5
62,23.1y,,2013,5
43,9.8y,,2013,5
36,2.7y,,2013,5
46,5.3y,7.3,2013,5
36,3.5y,7,2013,5
30,3.7y,6.1,2013,5
33,1.6y,6.8,2013,5
35,4.4y,,2013,5
30,2.8y,8.1,2013,5
32,1.9y,6.1,2013,5
30,5095.8w,6.6,2013,5
30,2.4y,7.7,2013,5
43,3.0y,,2013,5
40,2.3y,7.8,2013,5
52,4.7y,7.5,2013,5
33,3822.4w,7.4,2013,5
35,2.3y,,2013,5
45,9421.8w,6.3,2013,5
43,3.3y,7.5,2013,5
41,2.0y,8.4,2013,5
40,8809.4w,,2013,5
30,7260.5w,,2013,5
40,3.8y,,2013,5
26,1.0y,,2013,5
34,1.9y,,2013,5
36,1.5y,,2013,5
33,2396.8w,,2013,5
36,1.1y,,2013,5
32,1009.5w,7.5,2013,5
36,3831.4w,7.5,2013,5
34,3.4y,,2012,5
41,1.4y,9,2012,5
40,3.2y,6.6,2012,5
30,1.2y,7.6,2012,5
32,2.3y,7.6,2012,5
32,1.2y,,2012,5
37,6081.8w,7.4,2012,5
43,8.9y,8.1,2012,5
33,4.4y,8.9,2012,5
40,2.0y,8.4,2012,5
32,1.1y,,2012,5
35,3.0y,8.3,2012,5
22,3023.9w,7.5,2012,5
32,2977.1w,7.5,2012,5
32,6331.8w,,2012,5
27,2.0y,,2012,5
31,9374.9w,7.5,2012,5
30,1.1y,7.5,2012,5
36,9204.1w,,2012,5
33,5297.8w,,2012,5
38,5009.4w,7.1,2012,5
38,1.7y,7.7,2012,5
31,2.7y,7.2,2012,5
30,5510.0w,,2012,5
26,4411.9w,6.9,2012,5
28,616.9w,7.4,2012,5
30,7856.9w,7.5,2012,5
40,7914.6w,7.2,2012,5
29,6276.6w,8.8,2012,5
29,9115.4w,,2012,5
28,2.2y,,2011,5
30,2348.7w,,2011,5
40,2773.7w,7.5,2011,5
30,1.1y,8.9,2011,5
30,5552.6w,8.5,2011,5
30,4727.8w,,2011,5
29,4452.2w,7.7,2011,5
32,1.3y,,2011,5
34,1.1y,7.8,2011,5
32,1.6y,,2011,5
38,4042.2w,,2011,5
35,6716.3w,6.3,2011,5
32,4442.8w,7.5,2011,5
50,2728.6w,7.5,2011,5
30,1.0y,,2011,5
29,8058.6w,,2011,5
32,5516.9w,8.3,2011,5
32,1.2y,7.5,2011,5
30,2.5y,,2011,5
24,2779.2w,,2011,5
33,5759.4w,8.1,2011,5
36,8682.5w,,2011,5
32,4097.8w,7.4,2011,5
36,5907.5w,,2011,5
32,657.5w,7.4,2011,5
30,7646.3w,7.8,2011,5
30,3465.4w,,2011,5
29,1401.0w,,2011,5
21,852.4w,7.3,2011,5
26,674.8w,7.3,2011,5
16,15.3y,7.7,2021,6
24,5.5y,7.6,2021,6
7,246.6w,7.5,2021,6
44,3.0y,7.5,2021,6
30,5.8y,7.5,2021,6
18,27.4y,9,2020,6
28,11.3y,8.3,2020,6
36,5.3y,7.5,2020,6
21,38.9y,8.5,2019,6
40,41.4y,7.7,2019,6
12,4162.7w,7.3,2019,6
12,91.5w,7.1,2019,6
,233.3w,7,2019,6
52,68.2y,8.2,2018,6
50,29.2y,7.8,2018,6
36,19.1y,8.2,2018,6
28,8.8y,7.5,2018,6
10,1.2y,9.2,2018,6
12,3.4y,7.3,2018,6
27,23.2y,7.9,2017,6
20,33.6y,7.4,2017,6
24,1.5y,7.5,2017,6
54,19.9y,6.6,2017,6
16,1.4y,8.1,2017,6
24,8521.4w,7.3,2017,6
1,4308.7w,7.9,2017,6
22,4527.4w,7.2,2017,6
,1556.9w,8.2,2017,6
21,59.8y,8.9,2016,6
17,5.2y,7.5,2016,6
10,1.7y,9.1,2016,6
24,4.0y,,2016,6
12,6947.2w,8,2016,6
24,1719.4w,7.6,2016,6
16,5.5y,7.2,2016,6
,4196.6w,7.2,2016,6
12,2.1y,7.2,2016,6
,152.4w,7.9,2016,6
60,4.4y,7.6,2015,6
4,518.8w,8,2015,6
12,775.5w,7.1,2015,6
,209.9w,6.4,2015,6
,443.6w,7.8,2015,6
,67.2w,8.7,2015,6
37,2.9y,,2014,6
34,2.1y,6.4,2014,6
22,9876.5w,8.1,2014,6
10,1.2y,7.4,2014,6
3,3664.7w,,2014,6
,974.0w,8.2,2014,6
,297.8w,7.9,2014,6
,1422.3w,8.7,2014,6
,663.4w,8.7,2014,6
,591.1w,8.4,2014,6
,1353.5w,8.3,2014,6
,690.9w,8.5,2014,6
,386.6w,8.3,2014,6
,864.3w,8.1,2014,6
,290.0w,8.1,2014,6
,4.8w,8.6,2014,6
,43.5w,7.4,2014,6
,96.8w,7,2014,6
,19.2w,7.7,2014,6
,6.2w,7.5,2014,6
100,1.8y,8,2013,6
,718.9w,8.6,2013,6
,369.0w,8.4,2013,6
,65.2w,7.7,2013,6
,63.4w,8.6,2013,6
,139.4w,8.2,2013,6
,22.3w,7.1,2013,6
23,1.1y,8.5,2012,6
36,2.5y,,2012,6
,107.9w,7.3,2012,6
,22.7w,8.6,2012,6
,1.5w,7.4,2012,6
60,2495.4w,7.7,2011,6
48,2.7y,7.4,2011,6
22,1.0y,8.8,2011,6
29,2493.0w,,2011,6
1,157.3w,8.7,2011,6
34,9.5y,7.9,2021,7
24,9.1y,7.9,2021,7
32,40.5y,7.7,2021,7
30,9.2y,7.8,2021,7
24,2.3y,7.8,2021,7
24,1839.5w,7.6,2021,7
30,7.8y,7.7,2021,7
49,32.9y,7.7,2021,7
49,33.8y,7.7,2021,7
30,1305.9w,7.6,2021,7
34,1.8y,7.7,2021,7
40,2338.5w,7.6,2021,7
32,7.4y,7.6,2021,7
31,14.8y,7.6,2021,7
28,14.5y,7.6,2021,7
40,15.1y,7.6,2021,7
22,1.2y,7.7,2021,7
40,17.6y,7.6,2021,7
50,1051.7w,7.6,2021,7
30,8.3y,7.6,2021,7
30,17.2y,7.6,2021,7
36,19.6y,7.6,2021,7
24,1.6y,7.7,2021,7
31,9.6y,7.6,2021,7
40,4.1y,7.6,2021,7
12,764.8w,7.6,2021,7
55,14.7y,7.6,2021,7
27,2.5y,7.6,2021,7
45,5.7y,7.5,2021,7
30,9.3y,8.3,2021,7
36,9.1y,7.6,2021,7
50,550.1w,7.5,2021,7
41,7.9y,7.6,2021,7
24,1.7y,7.5,2021,7
42,1.3y,7.5,2021,7
33,3237.4w,7.5,2021,7
36,1.2y,7.5,2021,7
42,2.8y,7.5,2021,7
40,5.7y,7.5,2021,7
24,5833.9w,7.5,2021,7
52,646.4w,7.5,2021,7
36,4.5y,7.5,2021,7
12,4874.6w,7.5,2021,7
30,6911.3w,7.5,2021,7
47,4.7y,7.5,2021,7
38,2.1y,7.5,2021,7
29,3.4y,7.5,2021,7
46,3102.9w,7.4,2021,7
40,5923.7w,7.5,2021,7
50,330.1w,7.4,2021,7
24,1.2y,7.4,2021,7
40,1.1y,7.4,2021,7
46,1.7y,7.4,2021,7
,1186.8w,7.2,2021,7
12,38.6w,7.2,2021,7
24,23.7y,7.6,2020,7
43,76.0y,8.9,2020,7
24,26.6y,8.7,2020,7
30,12.6y,7.6,2020,7
56,84.6y,7.9,2020,7
36,6.6y,7.2,2020,7
36,26.0y,9.1,2020,7
51,31.2y,7.6,2020,7
53,35.8y,7.6,2020,7
24,5.1y,8.4,2020,7
40,6.5y,8.5,2020,7
56,21.1y,7.6,2020,7
48,31.1y,7.6,2020,7
40,10.8y,7.5,2020,7
32,6.4y,7.6,2020,7
31,10.3y,7.6,2020,7
34,10.7y,7.6,2020,7
26,4.4y,7.6,2020,7
49,12.0y,7.5,2020,7
44,14.0y,6.7,2020,7
40,1.3y,7.5,2020,7
43,7.1y,7.6,2020,7
60,9.6y,7.6,2020,7
24,4.9y,7.5,2020,7
34,15.4y,7.5,2020,7
24,4.9y,7.5,2020,7
48,10.4y,7.5,2020,7
35,10.3y,7.5,2020,7
24,4.3y,7.6,2020,7
27,7.4y,7.6,2020,7
50,99.2y,9.1,2019,7
41,83.4y,8.2,2019,7
24,31.3y,8.9,2019,7
40,14.7y,7.5,2019,7
40,9.8y,7.9,2019,7
58,32.3y,8.1,2019,7
43,22.3y,7.1,2019,7
56,24.3y,7.1,2019,7
32,20.1y,8,2019,7
28,14.6y,8.3,2019,7
36,20.9y,8,2019,7
39,12.0y,7.5,2019,7
47,15.4y,,2019,7
57,28.4y,7.6,2019,7
24,7.2y,7.4,2019,7
44,,,2019,7
45,12.0y,7.4,2019,7
35,17.9y,8.5,2019,7
58,12.9y,6.6,2019,7
50,25.5y,6.8,2019,7
38,6.9y,7.7,2019,7
65,14.2y,7.5,2019,7
51,45.8y,7.6,2019,7
52,10.9y,8.1,2019,7
48,22.3y,7.1,2019,7
36,4.4y,,2019,7
32,9.5y,7.3,2019,7
45,8.2y,8.4,2019,7
30,4.8y,7.5,2019,7
26,6.0y,7.5,2019,7
66,153.4y,7.2,2018,7
63,87.6y,8.8,2018,7
45,,,2018,7
30,18.9y,7.9,2018,7
25,32.6y,8.4,2018,7
40,11.1y,8.1,2018,7
50,31.8y,8,2018,7
21,24.5y,7.5,2018,7
47,23.9y,8.1,2018,7
55,71.4y,8,2018,7
48,44.0y,7.3,2018,7
50,60.7y,7.6,2018,7
49,46.6y,7.4,2018,7
43,41.8y,6.6,2018,7
42,21.7y,7,2018,7
30,40.4y,8.1,2018,7
56,41.8y,7.9,2018,7
21,11.1y,7.4,2018,7
48,11.8y,7.5,2018,7
48,19.3y,8.1,2018,7
40,26.4y,7.4,2018,7
28,17.4y,6.7,2018,7
40,24.4y,7.4,2018,7
50,11.3y,7.5,2018,7
45,33.0y,7.3,2018,7
38,25.4y,6.2,2018,7
30,14.0y,7.9,2018,7
46,14.3y,7.5,2018,7
50,29.2y,7.8,2018,7
50,36.1y,7.4,2018,7
67,142.6y,7.5,2017,7
60,73.7y,8.4,2017,7
42,82.2y,8,2017,7
45,30.1y,6.9,2017,7
21,19.1y,8.2,2017,7
44,39.2y,8.6,2017,7
23,44.2y,8.5,2017,7
32,16.5y,8.1,2017,7
23,15.1y,8.2,2017,7
90,46.2y,7.3,2017,7
56,35.3y,7.6,2017,7
52,7.1y,7.5,2017,7
41,20.8y,6.7,2017,7
43,6.3y,,2017,7
49,26.3y,7.1,2017,7
34,9.6y,7.5,2017,7
47,26.5y,7.1,2017,7
46,42.0y,7.2,2017,7
23,16.7y,7.3,2017,7
37,26.8y,7.6,2017,7
24,59.6y,7.9,2017,7
45,10.8y,7.3,2017,7
45,13.8y,7.1,2017,7
53,20.9y,6.5,2017,7
29,6.0y,,2017,7
34,44.1y,7.5,2017,7
48,21.0y,6.9,2017,7
20,12.7y,6.3,2017,7
59,33.2y,6.1,2017,7
23,15.2y,7.5,2017,7
69,38.8y,8.1,2016,7
42,70.3y,8.6,2016,7
12,2.6y,7.6,2016,7
42,25.7y,,2016,7
54,86.7y,7.2,2016,7
55,114.5y,7.5,2016,7
42,37.6y,8.3,2016,7
21,27.2y,8.4,2016,7
44,7.2y,6.8,2016,7
58,42.6y,7.5,2016,7
16,9.8y,8.8,2016,7
34,10.9y,9.3,2016,7
18,22.3y,7,2016,7
44,17.1y,7.9,2016,7
36,14.0y,8.6,2016,7
50,5.9y,,2016,7
71,15.5y,7.1,2016,7
28,26.1y,7.3,2016,7
42,6.8y,7.8,2016,7
44,16.3y,8.9,2016,7
44,8.0y,,2016,7
35,5.4y,6.6,2016,7
38,7.4y,7.6,2016,7
40,2.1y,8.6,2016,7
46,3.7y,,2016,7
61,3.4y,7.9,2016,7
62,37.7y,6.5,2016,7
28,34.3y,8.6,2016,7
36,7191.5w,7.5,2016,7
61,9.7y,7.6,2016,7
35,6.6y,8.8,2015,7
46,20.7y,7.3,2015,7
58,56.3y,8,2015,7
38,13.5y,,2015,7
46,7.6y,8.1,2015,7
42,8.8y,8.1,2015,7
44,27.1y,7.6,2015,7
49,4.3y,6.1,2015,7
34,3.7y,7.5,2015,7
48,3.8y,7,2015,7
39,11.7y,,2015,7
41,2.7y,9,2015,7
35,2.7y,,2015,7
42,12.2y,7.5,2015,7
37,9.0y,,2015,7
40,5.4y,,2015,7
86,6.4y,7,2015,7
38,2.9y,8,2015,7
29,4.2y,,2015,7
24,7.2y,8.6,2015,7
28,9.2y,8.2,2015,7
11,4.4y,7,2015,7
38,7.7y,,2015,7
35,6.8y,7.1,2015,7
32,5.1y,7.6,2015,7
30,3914.6w,8.3,2015,7
42,4.5y,6.9,2015,7
39,1.6y,7.2,2015,7
40,3.5y,,2015,7
44,9956.7w,,2015,7
44,17.5y,9.6,2014,7
42,11.7y,,2014,7
35,1.3y,,2014,7
60,6.7y,8.8,2014,7
54,25.5y,7,2014,7
43,9.7y,8.5,2014,7
34,7.2y,,2014,7
55,6.4y,,2014,7
34,1.9y,8.5,2014,7
90,4.8y,,2014,7
46,30.9y,8.4,2014,7
38,6.0y,7.7,2014,7
58,1.7y,,2014,7
35,9655.4w,8.2,2014,7
32,6.7y,,2014,7
42,5105.5w,8,2014,7
32,4.1y,,2014,7
10,181.2w,8.5,2014,7
39,3.0y,,2014,7
30,5563.4w,7.9,2014,7
40,6.3y,7.2,2014,7
78,6766.9w,6.6,2014,7
37,1.2y,,2014,7
54,3402.5w,7.4,2014,7
32,1.4y,8.2,2014,7
39,7589.6w,,2014,7
46,9848.3w,7.4,2014,7
27,2.1y,7.5,2014,7
36,8351.4w,,2014,7
28,5470.5w,8.2,2014,7
59,18.9y,8.3,2013,7
46,22.4y,8.3,2013,7
35,4271.3w,7.5,2013,7
42,1.6y,7.5,2013,7
108,17.8y,6.6,2013,7
84,1.9y,7.1,2013,7
43,1378.3w,7.8,2013,7
50,1.7y,,2013,7
46,1.5y,,2013,7
44,990.0w,7.5,2013,7
30,3.8y,7.9,2013,7
36,7252.3w,,2013,7
30,4886.0w,,2013,7
36,4.1y,,2013,7
37,2.1y,,2013,7
36,1.1y,,2013,7
30,341.9w,7.4,2013,7
45,2.2y,8.2,2013,7
28,1776.8w,,2013,7
22,9999.7w,8.1,2013,7
34,1.5y,,2013,7
32,672.0w,7.4,2013,7
40,541.0w,7.8,2013,7
29,1473.0w,7.4,2013,7
30,290.5w,7.6,2013,7
33,2317.2w,7.5,2013,7
36,1.3y,7.8,2013,7
32,1727.3w,,2013,7
80,1.1y,6.5,2013,7
30,1108.1w,,2013,7
24,14.7y,8.5,2012,7
36,1.3y,8.4,2012,7
35,3.7y,,2012,7
42,2.2y,7.6,2012,7
32,2627.1w,8.1,2012,7
40,2985.2w,7.5,2012,7
33,3935.4w,7.5,2012,7
36,2018.2w,7.9,2012,7
43,9295.3w,6.7,2012,7
30,9905.0w,8.4,2012,7
33,9497.5w,,2012,7
30,1.1y,,2012,7
36,1471.3w,7,2012,7
38,1245.3w,7.1,2012,7
30,4035.9w,7.3,2012,7
36,7475.6w,,2012,7
30,1884.4w,8,2012,7
33,1.1y,6.7,2012,7
34,3.0y,8.3,2012,7
38,1.5y,7,2012,7
30,347.9w,7.4,2012,7
32,1510.3w,7.4,2012,7
34,1822.7w,7.4,2012,7
33,3863.6w,7.5,2012,7
30,4089.2w,,2012,7
30,1857.2w,8,2012,7
34,2.0y,,2012,7
30,3021.7w,8.3,2012,7
28,196.2w,7.3,2012,7
34,1.0y,,2012,7
32,1773.9w,7.4,2012,7
42,1.4y,7.4,2012,7
30,3128.1w,7.4,2012,7
32,1.3y,,2012,7
30,300.3w,,2012,7
30,1972.8w,,2012,7
12,643.8w,8.7,2012,7
10,279.1w,6.1,2012,7
6,259.5w,7,2012,7
,2.8w,7.2,2012,7
33,2.1y,8.7,2011,7
34,2167.9w,7.5,2011,7
38,2467.1w,,2011,7
30,3841.2w,7.5,2011,7
44,5.0y,8.3,2011,7
46,5245.6w,7.7,2011,7
30,1548.8w,7.1,2011,7
30,3226.8w,7.6,2011,7
32,3953.2w,7.5,2011,7
26,829.3w,7.4,2011,7
30,3887.0w,7.6,2011,7
33,5413.5w,8.4,2011,7
36,606.9w,8.8,2011,7
80,1.5y,,2011,7
26,4194.9w,8.3,2011,7
36,3511.1w,8.6,2011,7
37,4402.6w,,2011,7
30,1714.1w,8,2011,7
32,3768.4w,,2011,7
25,3294.4w,,2011,7
30,832.3w,8.4,2011,7
28,5213.7w,,2011,7
40,1957.8w,,2011,7
40,933.6w,,2011,7
33,1017.6w,,2011,7
24,1268.2w,7.3,2011,7
28,1129.8w,,2011,7
25,5683.0w,7.9,2011,7
31,596.2w,,2011,7
31,809.3w,7.3,2011,7
24,2.3y,7.8,2021,8
24,2.3y,7.6,2021,8
38,7.6y,7.5,2021,8
26,1.2y,7.5,2021,8
24,1.2y,7.4,2021,8
24,2.4y,7.4,2021,8
24,9634.2w,7.6,2021,8
24,228.9w,7.4,2021,8
12,1341.0w,7.4,2021,8
28,9.1y,7.6,2020,8
24,5023.8w,7.3,2020,8
24,31.3y,8.9,2019,8
41,28.1y,8.2,2019,8
35,17.9y,8.5,2019,8
32,9.5y,7.3,2019,8
40,3.7y,7.5,2019,8
36,5.8y,6.7,2019,8
24,5.7y,8.1,2019,8
31,4.4y,7.8,2019,8
38,1.5y,6.9,2019,8
40,5401.9w,8,2019,8
20,1.0y,7.7,2019,8
30,16.9y,8.6,2018,8
24,17.7y,8.6,2018,8
30,20.3y,8.9,2018,8
30,14.0y,7.9,2018,8
70,42.7y,7.3,2018,8
11,1.1y,,2018,8
70,7105.1w,7.1,2018,8
24,1.1y,7.3,2018,8
39,31.6y,7.4,2017,8
23,16.7y,7.3,2017,8
37,26.8y,7.6,2017,8
20,12.7y,6.3,2017,8
23,15.2y,7.5,2017,8
20,7.2y,6.5,2017,8
32,10.5y,7.1,2017,8
36,3.0y,7.5,2017,8
32,5.4y,6.6,2017,8
19,2.2y,7.4,2017,8
18,6.1y,8,2017,8
18,5.4y,8,2017,8
3,8556.4w,8.3,2017,8
12,6026.7w,8.4,2017,8
16,2.7y,8.1,2017,8
15,7400.5w,7.3,2017,8
16,2.6y,8.1,2017,8
15,4750.0w,7.2,2017,8
,1782.8w,7.2,2017,8
12,3527.6w,7.2,2017,8
34,10.9y,9.3,2016,8
30,16.8y,7.7,2016,8
10,1.0y,7.3,2016,8
2,8970.5w,8.3,2016,8
12,2931.5w,7.5,2016,8
2,1.7y,7.3,2016,8
12,4.5y,7.3,2016,8
20,3.3y,8.3,2016,8
36,6.3y,8.3,2015,8
11,4.4y,7,2015,8
40,4083.1w,8.2,2015,8
30,1858.4w,7.2,2015,8
6,1013.6w,7.6,2015,8
9,769.0w,7.1,2015,8
10,2503.6w,7.1,2015,8
10,1144.5w,8.6,2012,8
,25.4w,8.1,2012,8
16,830.5w,,2011,8
39,4807.7w,7.5,2021,9
40,1.2y,7.5,2021,9
48,8938.3w,7.5,2021,9
70,53.9y,9,2020,9
48,2.5y,7.6,2020,9
42,7881.3w,7.5,2020,9
42,4975.3w,7.5,2020,9
46,93.7y,9,2019,9
46,16.5y,8.6,2019,9
60,15.6y,7.4,2019,9
59,17.4y,7.1,2019,9
40,6.9y,7.7,2019,9
42,4.3y,7,2019,9
42,64.0y,7.2,2018,9
50,31.8y,8,2018,9
60,6.7y,7.2,2018,9
76,38.2y,6.1,2018,9
48,19.3y,8.1,2018,9
40,11.5y,,2018,9
45,3.2y,7.1,2018,9
48,7130.7w,8.6,2018,9
40,2.1y,7.5,2018,9
6,2.6y,8.5,2018,9
76,3.0y,6,2018,9
35,2.1y,7.4,2018,9
10,6935.5w,8.6,2018,9
,1346.2w,7.2,2018,9
40,8.0y,7.1,2018,9
74,148.8y,8.5,2017,9
50,5.8y,,2017,9
52,2.7y,7.5,2017,9
50,11.2y,,2017,9
40,7.4y,9.1,2017,9
43,6.3y,,2017,9
40,3.5y,8.2,2017,9
58,7.4y,7.3,2017,9
40,1.8y,,2017,9
40,4.4y,7,2017,9
42,4.3y,6.5,2017,9
30,532.6w,7.4,2017,9
,2.6y,7.3,2017,9
,2321.7w,7.1,2017,9
,4015.1w,7,2017,9
45,5.4y,6.5,2016,9
56,7.6y,6.5,2016,9
30,1.7y,8.3,2016,9
50,5.9y,,2016,9
52,4.3y,,2016,9
45,5714.0w,,2016,9
41,1.4y,7.2,2016,9
41,1.8y,,2016,9
40,7557.2w,8,2016,9
36,1.1y,7.5,2016,9
8,2036.2w,8.4,2016,9
42,7214.9w,7.7,2016,9
1,206.7w,8.3,2016,9
10,132.1w,8.6,2016,9
46,20.7y,7.3,2015,9
46,5.8y,6.5,2015,9
56,5.2y,9.2,2015,9
36,5.4y,8.3,2015,9
40,5.2y,,2015,9
42,3.6y,7.5,2015,9
38,5.4y,,2015,9
36,1.4y,,2015,9
35,3.5y,,2015,9
37,7.6y,7.4,2015,9
40,3.1y,,2015,9
30,2.1y,,2015,9
28,1.1y,7.4,2015,9
42,6997.5w,,2015,9
36,1.1y,,2015,9
40,4671.5w,,2015,9
41,1.3y,7.2,2015,9
41,5123.2w,,2015,9
28,4284.3w,,2015,9
30,1254.8w,,2015,9
15,842.9w,7.2,2015,9
39,2192.5w,8.5,2015,9
44,10.1y,8.4,2014,9
96,44.7y,7.4,2014,9
36,4.5y,,2014,9
45,6.1y,7.9,2014,9
30,1.6y,,2014,9
34,1.2y,,2014,9
36,6241.3w,7.5,2014,9
40,1.8y,6.6,2014,9
43,6825.1w,8.4,2014,9
48,2.1y,,2014,9
60,3.6y,,2014,9
31,6563.3w,,2014,9
59,1.9y,7.2,2014,9
42,3899.2w,,2014,9
44,1.1y,6.8,2014,9
30,2247.9w,,2014,9
10,2077.8w,8.5,2014,9
4,227.1w,9.2,2014,9
10,285.1w,8.7,2014,9
,1949.9w,7.1,2014,9
,152.0w,,2014,9
,70.9w,7.4,2014,9
42,3.3y,,2013,9
49,4.3y,7.6,2013,9
46,1637.0w,7.6,2013,9
44,3.3y,8.5,2013,9
35,2.3y,,2013,9
46,7.0y,,2013,9
40,7199.2w,,2013,9
39,1.2y,7.5,2013,9
40,2.6y,8.7,2013,9
40,3.6y,,2013,9
37,1.9y,,2013,9
36,1.5y,,2013,9
33,2396.8w,,2013,9
50,1.7y,,2013,9
30,6885.8w,,2013,9
36,2.5y,7.9,2013,9
46,6303.3w,,2013,9
29,2186.0w,,2013,9
40,1.3y,,2013,9
39,2054.9w,8,2013,9
36,1.0y,,2013,9
30,7612.1w,7.3,2013,9
30,1611.4w,7.4,2013,9
30,2613.4w,,2013,9
34,748.1w,7.8,2013,9
32,554.2w,7.3,2013,9
22,436.7w,7.3,2013,9
35,124.3w,7.9,2013,9
,631.5w,,2013,9
1,34.3w,7,2013,9
,3.6w,7.4,2013,9
42,1.9y,8.1,2012,9
30,2.1y,,2012,9
27,2.0y,,2012,9
33,6935.3w,8.4,2012,9
39,3.5y,7,2012,9
36,4108.6w,7.8,2012,9
40,8.6y,,2012,9
45,1497.2w,8.4,2012,9
28,6047.4w,,2012,9
44,8711.8w,6.4,2012,9
33,2050.2w,,2012,9
30,2746.0w,7.8,2012,9
32,2504.1w,,2012,9
31,2960.6w,9.2,2012,9
30,464.3w,7.3,2012,9
30,1898.3w,,2012,9
26,1077.9w,,2012,9
30,219.6w,,2012,9
23,290.6w,,2012,9
30,560.0w,7.2,2012,9
,2.5w,8.4,2012,9
,2.7w,8.6,2012,9
,6015,8.2,2012,9
86,17.3y,8.8,2011,9
30,6117.1w,7.5,2011,9
33,4134.4w,7.9,2011,9
30,4816.9w,,2011,9
45,1.6y,8.7,2011,9
28,9897.2w,7.4,2011,9
39,804.7w,7.1,2011,9
34,1131.0w,7.5,2011,9
39,1.4y,,2011,9
26,3803.9w,8.2,2011,9
26,3077.7w,8.6,2011,9
35,4815.5w,7.3,2011,9
29,9686.7w,,2011,9
41,1408.2w,7.6,2011,9
35,2689.3w,7.4,2011,9
35,4632.8w,,2011,9
35,301.4w,,2011,9
32,3326.7w,8,2011,9
34,597.3w,,2011,9
20,1458.3w,,2011,9
28,3065.8w,,2011,9
31,596.2w,,2011,9
32,495.3w,7.3,2011,9
22,499.7w,,2011,9
26,583.5w,7.3,2011,9
30,203.4w,7.2,2011,9
30,138.6w,,2011,9
,100.1w,8.9,2011,9
,12.1w,8.9,2011,9
,11.1w,7.3,2011,9
36,19.5y,8.9,2020,10
40,40.2y,8.6,2019,10
40,3.7y,7.5,2019,10
36,2.5y,7.3,2019,10
36,4.2y,7.9,2018,10
36,2841.2w,7.3,2017,10
16,2.7y,8.1,2017,10
16,2.6y,8.1,2017,10
12,4.5y,7.3,2016,10
10,1089.8w,8.6,2016,10
10,4269.8w,8.4,2015,10
40,56.0y,7.5,2021,11
43,25.1y,7.6,2020,11
78,21.2y,9.4,2020,11
46,93.7y,9,2019,11
37,22.1y,8.5,2019,11
56,23.0y,7.9,2019,11
5,7.0y,9.3,2019,11
66,153.4y,7.2,2018,11
42,64.0y,7.2,2018,11
48,23.2y,8.6,2018,11
54,31.7y,8,2018,11
45,3.2y,7.1,2018,11
65,17.4y,6.4,2018,11
67,142.6y,7.5,2017,11
56,73.9y,6.9,2017,11
75,38.4y,8.3,2017,11
40,7.4y,9.1,2017,11
72,23.5y,6.5,2017,11
58,7.4y,7.3,2017,11
52,2.1y,6.8,2017,11
78,1.4y,6.3,2017,11
16,1.8y,6.3,2017,11
54,1.2y,6.2,2017,11
5,6548.4w,8.5,2017,11
,34.0y,7.9,2017,11
,2017.7w,6,2017,11
,2.6y,7.3,2017,11
,4015.1w,7,2017,11
55,114.5y,7.5,2016,11
18,22.3y,7,2016,11
28,26.1y,7.3,2016,11
62,37.7y,6.5,2016,11
40,9.8y,6.7,2016,11
62,1.1y,6.4,2016,11
25,8010.4w,7.9,2016,11
,1.7y,6.3,2016,11
,1107.6w,6.3,2016,11
58,56.3y,8,2015,11
48,7.8y,6.5,2015,11
66,4.8y,6.2,2015,11
72,2.7y,6.8,2015,11
35,2.7y,,2015,11
62,4.4y,6.3,2015,11
36,1.0y,7.6,2015,11
39,6.3y,,2015,11
50,5.6y,7.8,2015,11
44,10.1y,8.4,2014,11
75,4.7y,,2014,11
10,1.8y,9.5,2014,11
63,6230.4w,6.5,2014,11
,34.0w,8.4,2014,11
51,2.6y,9.4,2013,11
62,6.0y,8.5,2013,11
10,1.8y,9.5,2013,11
10,2.1y,9.5,2012,11
,9497.1w,6.8,2012,11
,21.8w,8.4,2012,11
86,17.3y,8.8,2011,11
72,15.1y,9.1,2011,11
36,1.6y,7.4,2011,11
10,3.8y,9.5,2011,11
50,6.6y,7.6,2021,12
39,3.1y,7.6,2021,12
32,2.1y,7.5,2021,12
51,55.5y,8.4,2020,12
43,2.9y,7.5,2020,12
24,7642.7w,7.4,2020,12
50,99.2y,9.1,2019,12
50,70.9y,7.8,2019,12
56,24.3y,7.1,2019,12
37,6.4y,6.1,2018,12
32,7.7y,,2017,12
40,4.4y,7,2017,12
42,6.8y,7.8,2016,12
38,3.9y,8.9,2016,12
10,1836.9w,7.2,2016,12
42,4.9y,,2015,12
39,3.4y,7.1,2015,12
46,3440.8w,6.8,2015,12
6,2021.1w,7.2,2015,12
54,25.5y,7,2014,12
40,6.1y,7.3,2014,12
63,5.5y,,2014,12
2,1.1y,7.3,2014,12
,11.6w,7.1,2014,12
65,2.8y,6.6,2013,12
50,3.8y,,2013,12
60,17.1y,6.8,2013,12
34,1288.7w,7.5,2013,12
41,7882.5w,,2013,12
40,6713.6w,,2013,12
30,6724.4w,,2013,12
,4348.9w,7,2013,12
30,2.8y,8.2,2012,12
56,24.1y,7.4,2012,12
102,2.8y,7.1,2012,12
33,3563.6w,7.5,2012,12
38,6952.3w,8,2012,12
42,5.4y,7.7,2012,12
43,1.7y,,2012,12
42,5479.1w,7.6,2012,12
27,1.1y,,2012,12
42,2.5y,7.3,2012,12
30,1343.5w,,2012,12
36,2.0y,7.6,2011,12
34,1.7y,,2011,12
30,2897.2w,,2011,12
32,5667.6w,7.5,2011,12
43,3086.7w,7.5,2011,12
34,7432.3w,7.5,2011,12
33,5830.7w,,2011,12
37,1205.3w,7.4,2011,12
36,606.0w,,2011,12
12,478.7w,7.2,2021,13
12,621.9w,7.2,2021,13
42,12.0y,7.5,2020,13
38,8836.8w,7.5,2020,13
38,3925.9w,7.4,2020,13
40,440.2w,7.4,2020,13
62,2.2y,7.3,2020,13
36,20.9y,8,2019,13
43,28.3y,7.6,2019,13
38,2.9y,7.5,2019,13
24,2.0y,7.4,2019,13
37,1.6y,7.4,2019,13
12,2193.1w,7.3,2019,13
20,1.0y,7.7,2019,13
30,27.3y,8.3,2018,13
56,41.8y,7.9,2018,13
30,16.6y,8.3,2018,13
46,6.4y,,2018,13
20,5.0y,7.5,2018,13
35,3344.4w,7.4,2018,13
24,1.3y,7.2,2018,13
26,4.6y,7.9,2018,13
35,2.1y,7.4,2018,13
10,1.3y,7.6,2018,13
8,204.1w,9.2,2018,13
8,520.2w,8.3,2018,13
,58.8w,8.1,2018,13
20,8.4y,8.4,2017,13
20,6.6y,8.4,2017,13
30,23.4y,8.5,2017,13
30,15.0y,8.5,2017,13
20,4.9y,8,2017,13
42,16.3y,7.5,2017,13
42,2.7y,,2017,13
25,3.5y,7.9,2017,13
10,3083.1w,8.7,2017,13
50,1288.5w,,2017,13
22,4527.4w,7.2,2017,13
15,7400.5w,7.3,2017,13
20,2196.9w,6.8,2017,13
12,983.8w,7.1,2017,13
24,666.2w,7.1,2017,13
8,181.7w,7.8,2017,13
22,1.3y,8.8,2016,13
12,5.7y,8.5,2016,13
32,2.7y,8,2016,13
36,2.2y,7.2,2016,13
37,2.5y,8.9,2016,13
36,9191.0w,7.6,2016,13
16,1.1y,7.6,2016,13
200,4230.5w,7.3,2016,13
16,1.7y,7.4,2016,13
3,1884.1w,8.7,2016,13
10,956.1w,8.1,2016,13
24,6445.9w,7.3,2016,13
42,7214.9w,7.7,2016,13
3,1271.5w,8.4,2016,13
30,6270.5w,8.2,2016,13
4,3594.9w,7.2,2016,13
16,5.5y,7.2,2016,13
10,1836.9w,7.2,2016,13
10,1089.8w,8.6,2016,13
20,2423.9w,7.2,2016,13
8,244.3w,7.9,2016,13
12,1.1y,7.1,2016,13
10,7135.1w,7.6,2016,13
6,274.6w,7.1,2016,13
6,897.8w,7.1,2016,13
15,1.1y,7.1,2016,13
8,30.8w,7.1,2016,13
12,598.7w,7,2016,13
38,2.8y,,2015,13
33,17.1y,8.3,2015,13
22,1.8y,8.7,2015,13
32,13.1y,8.2,2015,13
38,2.9y,8,2015,13
42,2.0y,7.8,2015,13
35,2.3y,7.8,2015,13
43,1.7y,,2015,13
48,3740.4w,7.8,2015,13
42,1.9y,,2015,13
15,5186.6w,7.5,2015,13
8,1.8y,7.3,2015,13
10,1594.1w,7.3,2015,13
10,4269.8w,8.4,2015,13
20,1292.4w,7.2,2015,13
12,3619.6w,7.2,2015,13
10,1.2y,7.8,2015,13
20,361.3w,7.2,2015,13
12,165.5w,7.1,2015,13
22,74.2w,7.1,2015,13
4,1967.5w,7.1,2015,13
12,2226.9w,7.1,2015,13
12,7710.2w,7.1,2015,13
16,4385.4w,7.1,2015,13
,209.9w,6.4,2015,13
6,36.1w,7,2015,13
,1012.2w,7.4,2015,13
,199.6w,7.3,2015,13
24,2.9y,8.5,2014,13
43,9.7y,8.5,2014,13
33,3.1y,8.4,2014,13
22,1.8y,8.7,2014,13
34,1.9y,8.5,2014,13
4,3042.4w,,2014,13
86,799.1w,7,2014,13
30,9246.4w,,2014,13
46,2.5y,,2014,13
38,4221.3w,7.9,2014,13
42,3665.6w,7.5,2014,13
32,4.1y,,2014,13
588,6370.8w,7.4,2014,13
49,3.6y,,2014,13
34,2.1y,6.4,2014,13
30,4662.1w,,2014,13
38,2.0y,8.2,2014,13
8,1451.5w,9.1,2014,13
60,4.3y,7.4,2014,13
7,1198.4w,8.8,2014,13
12,220.4w,8.8,2014,13
12,1462.7w,,2014,13
8,91.7w,8.9,2014,13
10,173.5w,9.1,2014,13
20,5681.2w,7,2014,13
12,2553.6w,7.2,2014,13
7,167.6w,8.5,2014,13
,1164.0w,,2014,13
10,334.0w,7.1,2014,13
1,77.2w,7.1,2014,13
32,1.6y,8.7,2013,13
60,17.1y,6.8,2013,13
24,1.9y,9,2013,13
40,6.1y,8.5,2013,13
33,1078.1w,8.4,2013,13
34,1.1y,7.5,2013,13
26,1808.7w,,2013,13
29,1495.3w,,2013,13
28,1636.0w,,2013,13
30,7612.1w,7.3,2013,13
32,1472.6w,,2013,13
30,685.0w,7.4,2013,13
37,391.4w,7.3,2013,13
38,4225.9w,8.1,2013,13
32,1300.5w,8.6,2013,13
6,1313.2w,8.9,2013,13
25,996.1w,,2013,13
10,259.8w,8.7,2013,13
10,158.9w,9,2013,13
6,128.0w,8.1,2013,13
20,1.1y,7.3,2013,13
12,232.5w,7.1,2013,13
10,148.5w,7.1,2013,13
,748.0w,9.3,2013,13
8,193.9w,7.1,2013,13
,20.5w,9,2013,13
,7.3w,8.4,2013,13
,12.3w,8,2013,13
,12.7w,8.7,2013,13
,5.6w,7.9,2013,13
24,2.2y,9.2,2012,13
32,6.1y,7.9,2012,13
31,1840.4w,7.5,2012,13
36,4108.6w,7.8,2012,13
45,1.3y,,2012,13
49,6639.8w,7.2,2012,13
33,6091.1w,,2012,13
28,1932.4w,,2012,13
44,1.3y,,2012,13
34,1235.0w,7.8,2012,13
34,1.0y,,2012,13
28,2049.4w,7.3,2012,13
29,298.0w,,2012,13
8,358.0w,8.7,2012,13
26,94.2w,,2012,13
6,471.5w,9.1,2012,13
40,330.3w,,2012,13
15,906.9w,8,2012,13
20,5277.5w,,2012,13
20,4338.8w,,2012,13
,717.0w,9.3,2012,13
,5.6w,8.8,2012,13
,2.0w,7.5,2012,13
,2.2w,8.5,2012,13
,3.8w,8.1,2012,13
,2.4w,8.9,2012,13
,1.9w,7.4,2012,13
,,8,2012,13
,,7,2012,13
,6.6w,7.6,2012,13
23,3.3y,9.3,2011,13
32,1.1y,,2011,13
37,6609.2w,7.5,2011,13
35,2053.9w,7.5,2011,13
36,2071.7w,7.5,2011,13
24,1659.4w,,2011,13
26,3042.4w,,2011,13
50,1100.4w,,2011,13
28,1.4y,7.4,2011,13
35,482.2w,7.4,2011,13
23,2730.4w,,2011,13
34,2569.1w,8,2011,13
27,1560.2w,,2011,13
32,179.8w,7.4,2011,13
36,879.0w,,2011,13
50,965.2w,,2011,13
32,276.3w,7.3,2011,13
38,1260.0w,7.7,2011,13
8,476.2w,8.3,2011,13
20,983.6w,,2011,13
34,136.8w,7.2,2011,13
24,103.6w,7.2,2011,13
32,271.2w,7.2,2011,13
4,486.4w,7.1,2011,13
10,823.1w,7.1,2011,13
20,38.5w,,2011,13
9,234.1w,7.8,2011,13
,717.0w,9.3,2011,13
35,264.2w,7,2011,13
,19.6w,8.9,2011,13
4,1441.0w,7.3,2021,14
18,1.7y,8.4,2019,14
16,1.1y,7.4,2019,14
10,6935.5w,8.6,2018,14
10,1.3y,7.6,2018,14
5,3014.3w,8.7,2018,14
25,3.8y,8.5,2017,14
9,2.4y,9.3,2017,14
3,6356.7w,8,2017,14
5,9296.5w,7.3,2017,14
5,6548.4w,8.5,2017,14
4,1050.6w,7.2,2017,14
30,6.9y,,2016,14
52,6.1y,,2016,14
30,8.4y,,2016,14
12,1.9y,8.6,2016,14
25,5.3y,8.8,2016,14
,4196.6w,7.2,2016,14
24,4.7y,8.2,2015,14
30,8563.9w,7.4,2015,14
16,4.7y,8,2014,14
50,3.2y,6.6,2013,14
11,4.3y,7.8,2013,14
100,1.8y,8,2013,14
28,53.0y,9,2021,15
44,1.7y,7.7,2021,15
36,13.4y,9.1,2021,15
12,1.1y,7.7,2021,15
47,6.7y,7.6,2021,15
16,3.0y,8.8,2021,15
43,6.8y,7.5,2021,15
30,1.1y,9.2,2021,15
32,1.0y,7.5,2021,15
34,7446.3w,7.5,2021,15
12,783.0w,7.4,2021,15
12,422.4w,7.5,2021,15
44,14.3y,7.6,2020,15
51,22.6y,9.1,2020,15
57,22.0y,8.8,2020,15
34,15.7y,7.6,2020,15
70,33.4y,7.6,2020,15
36,9.6y,7.6,2020,15
49,13.6y,8.6,2020,15
38,3.6y,7.6,2020,15
46,2.8y,7.5,2020,15
49,9.5y,7.6,2020,15
44,12.1y,8.8,2020,15
37,7.9y,7.6,2020,15
51,5.9y,7.6,2020,15
30,5.6y,7.5,2020,15
40,3.1y,7.5,2020,15
16,4.4y,8.3,2020,15
24,2.2y,7.5,2020,15
42,6.9y,7.5,2020,15
30,2.1y,7.5,2020,15
40,7.4y,7.5,2020,15
24,1.6y,7.5,2020,15
37,1.8y,7.5,2020,15
25,2.1y,7.5,2020,15
38,1.3y,7.5,2020,15
30,5299.3w,7.4,2020,15
30,6910.2w,7.4,2020,15
20,2.3y,7.4,2020,15
12,140.4w,7.2,2020,15
,54.2w,7.1,2020,15
,65.1w,7.1,2020,15
,100.4w,7.1,2020,15
46,7.9y,8.4,2019,15
45,16.3y,8.1,2019,15
24,11.6y,8.1,2019,15
38,1.5y,7.6,2019,15
35,3.6y,,2019,15
30,13.7y,8.3,2019,15
36,6.0y,7.5,2019,15
32,6.8y,8.4,2019,15
46,13.5y,7.9,2019,15
42,2.3y,,2019,15
24,6.0y,8,2019,15
45,1.9y,8,2019,15
45,1.2y,7.5,2019,15
24,3.0y,7.5,2019,15
40,5.4y,7.6,2019,15
24,2.1y,7.5,2019,15
30,5.7y,8.6,2019,15
24,8975.9w,,2019,15
24,2.0y,8,2019,15
30,1.3y,8.5,2019,15
24,2.0y,7.4,2019,15
24,2.6y,7.4,2019,15
24,4461.9w,7.3,2019,15
,162.9w,7.2,2019,15
36,24.9y,7.8,2018,15
50,47.1y,7.2,2018,15
30,16.8y,8.5,2018,15
39,16.5y,8.8,2018,15
50,10.2y,7.7,2018,15
44,14.7y,8.1,2018,15
38,5.4y,,2018,15
46,1.1y,8.1,2018,15
39,3.9y,,2018,15
36,19.1y,8.2,2018,15
40,3.7y,7.5,2018,15
50,1.2y,7,2018,15
47,7691.5w,8,2018,15
31,6.5y,8.4,2018,15
20,1.7y,7.3,2018,15
8,3222.1w,7.4,2018,15
,1.2y,7.3,2018,15
,71.8w,8.1,2018,15
40,8.0y,7.1,2018,15
54,13.0y,,2017,15
46,11.4y,9.3,2017,15
30,10.5y,7.1,2017,15
20,8.4y,8.4,2017,15
40,5854.8w,7.5,2017,15
20,6.6y,8.4,2017,15
48,19.0y,8.4,2017,15
38,4.8y,,2017,15
31,7.4y,8,2017,15
30,24.1y,8.2,2017,15
39,4.9y,6.5,2017,15
12,3547.8w,,2017,15
30,5.6y,8.2,2017,15
12,1.7y,8.8,2017,15
30,1.2y,6.9,2017,15
10,1.6y,7.9,2017,15
48,8189.8w,8.2,2017,15
12,2454.0w,8.7,2017,15
18,2.3y,7.4,2017,15
10,3156.8w,7.8,2017,15
9,965.8w,7.4,2017,15
12,2257.4w,,2017,15
69,38.8y,8.1,2016,15
12,2.6y,7.6,2016,15
44,28.4y,,2016,15
21,27.2y,8.4,2016,15
50,9.2y,,2016,15
44,3.6y,7.1,2016,15
52,3.3y,8.7,2016,15
44,8.0y,,2016,15
33,3.3y,8.5,2016,15
52,4.3y,,2016,15
61,3.4y,7.9,2016,15
32,1.6y,,2016,15
32,3.7y,8.1,2016,15
16,4.3y,9.3,2016,15
36,1.5y,8.3,2016,15
43,5.5y,8.4,2016,15
40,2789.4w,7.4,2016,15
16,3185.6w,7.4,2016,15
12,6947.2w,8,2016,15
40,385.2w,7.3,2016,15
10,1251.6w,9.3,2016,15
8,1642.8w,8.6,2016,15
8,3193.8w,8.8,2016,15
15,2.3y,7.3,2016,15
48,36.5y,9.2,2015,15
41,6.1y,,2015,15
36,7.3y,,2015,15
45,2.8y,,2015,15
50,7.4y,7.7,2015,15
42,3.7y,7.5,2015,15
38,2.8y,,2015,15
41,2.7y,9,2015,15
35,1.4y,,2015,15
30,2884.1w,7.5,2015,15
44,1.8y,6.6,2015,15
41,4.1y,7.3,2015,15
36,1.4y,,2015,15
60,4.4y,7.6,2015,15
35,1.5y,,2015,15
40,5728.7w,7.4,2015,15
30,2.7y,,2015,15
40,2.3y,7.9,2015,15
26,1.6y,8,2015,15
42,4656.3w,7.1,2015,15
36,1.3y,,2015,15
30,632.9w,7.3,2015,15
8,1194.3w,7.2,2015,15
7,1416.4w,7.2,2015,15
21,137.5w,7.2,2015,15
,2512.4w,8.4,2015,15
,747.2w,6.7,2015,15
,1189.8w,8.1,2015,15
34,4.0y,8.9,2014,15
46,7.8y,8.9,2014,15
36,4.5y,,2014,15
28,1.2y,,2014,15
36,2.0y,7.5,2014,15
34,2.2y,,2014,15
38,1.5y,,2014,15
40,4.2y,7.4,2014,15
36,1.6y,7.9,2014,15
46,3.4y,8.5,2014,15
32,2.3y,,2014,15
38,1.0y,7.5,2014,15
33,7613.1w,8.5,2014,15
38,1.2y,8.5,2014,15
35,1453.2w,7,2014,15
36,2.5y,8.5,2014,15
22,3408.0w,8.7,2014,15
8,2304.0w,9.3,2014,15
13,2702.3w,8.2,2014,15
10,1183.5w,8,2014,15
10,1834.0w,8.8,2014,15
10,1980.3w,9,2014,15
30,1816.3w,7.3,2014,15
17,2594.9w,8.4,2014,15
8,351.3w,9.2,2014,15
4,740.3w,7.3,2014,15
3,592.4w,8.4,2014,15
36,683.2w,7.3,2014,15
,5916.8w,7.9,2014,15
,901.4w,8.7,2014,15
,563.8w,8.5,2014,15
,558.4w,7.2,2014,15
,171.6w,7.7,2014,15
,396.1w,8.9,2014,15
,15.4w,9.1,2014,15
,44.8w,8.7,2014,15
,23.4w,7.7,2014,15
,110.1w,7.5,2014,15
,5.3w,8.5,2014,15
,3.1w,8.3,2014,15
,,8.2,2014,15
,,8.3,2014,15
,7.2w,7.8,2014,15
34,2.1y,8.2,2013,15
33,1.6y,6.8,2013,15
36,2.8y,,2013,15
30,2.4y,,2013,15
26,5526.4w,7.5,2013,15
30,2594.3w,7.5,2013,15
35,5529.2w,7.5,2013,15
42,1.2y,7.5,2013,15
24,9870.3w,7.4,2013,15
25,2929.3w,7.4,2013,15
5,902.6w,8.6,2013,15
22,4786.9w,8.5,2013,15
30,1712.0w,,2013,15
13,2827.8w,8.2,2013,15
32,2779.1w,,2013,15
10,3156.0w,8.6,2013,15
30,1658.2w,,2013,15
35,1219.0w,7.9,2013,15
38,1.2y,8.7,2013,15
12,318.0w,9.3,2013,15
30,1682.8w,,2013,15
20,1334.8w,,2013,15
31,1136.1w,7.3,2013,15
20,1017.9w,7.3,2013,15
18,578.4w,8.6,2013,15
3,182.2w,8.2,2013,15
5,283.7w,8.4,2013,15
,451.8w,8.3,2013,15
,46.8w,8.6,2013,15
,5.0w,8.4,2013,15
,25.0w,7.4,2013,15
,4.5w,8,2013,15
,2.9w,7.7,2013,15
,3.0w,7.4,2013,15
,3.0w,8.5,2013,15
,1.7w,7.9,2013,15
30,2.0y,7.7,2012,15
22,8036.4w,7.5,2012,15
34,1.1y,,2012,15
39,278.4w,7.4,2012,15
30,2414.8w,7.5,2012,15
36,6823.8w,7.7,2012,15
32,4469.9w,8.1,2012,15
34,2689.6w,7.4,2012,15
25,5132.4w,,2012,15
13,839.0w,7.7,2012,15
12,490.7w,9.3,2012,15
4,596.2w,8.9,2012,15
4,238.1w,9.1,2012,15
13,187.5w,8.6,2012,15
13,193.5w,8.5,2012,15
2,112.5w,8.5,2012,15
,365.9w,8.2,2012,15
,49.6w,7.5,2012,15
,25.4w,8.1,2012,15
,12.7w,8.5,2012,15
,1.5w,8.4,2012,15
,2.8w,8.5,2012,15
,1.4w,7.4,2012,15
,2.5w,8.6,2012,15
,,7,2012,15
20,1746.6w,,2011,15
26,5554.0w,6.9,2011,15
24,3.2y,,2011,15
34,2.7y,8.5,2011,15
32,1.0y,7.9,2011,15
35,4413.6w,7.9,2011,15
36,7690.3w,7.5,2011,15
32,7267.6w,7.9,2011,15
26,8104.9w,,2011,15
29,7530.3w,,2011,15
26,7601.8w,,2011,15
30,6283.3w,7.4,2011,15
33,7707.2w,7.8,2011,15
34,4157.2w,,2011,15
28,8001.2w,7.9,2011,15
36,9705.2w,8.3,2011,15
16,1.2y,9.4,2011,15
37,5318.2w,,2011,15
24,1.9y,,2011,15
35,6370.1w,,2011,15
30,1.2y,8.1,2011,15
30,1149.1w,7.4,2011,15
36,2069.5w,7.4,2011,15
22,3141.6w,7.4,2011,15
26,6539.3w,,2011,15
10,4811.5w,8.7,2011,15
22,5991.4w,8.1,2011,15
30,1941.4w,7.4,2011,15
30,3100.7w,7.8,2011,15
40,746.5w,8.1,2011,15
21,985.8w,,2011,15
31,8080.9w,7.8,2011,15
30,1071.2w,7,2011,15
20,591.3w,,2011,15
12,484.6w,9.2,2011,15
13,191.5w,8.7,2011,15
,9.1w,8.6,2011,15
,22.5w,9.1,2011,15
,6.4w,8.8,2011,15
,3.6w,8.5,2011,15
,3.8w,8.6,2011,15
,1.6w,8.5,2011,15
,1.4w,7.5,2011,15
,,7.5,2011,15
,,7.6,2011,15